claim_id,claim,theorem_or_lemma,proof_or_checker,source_or_test,experiment,table_or_figure,raw_result_path,maturity,self_recheck
C1,Compatible admissible floor-aware states have a commutative associative idempotent join,State convergence,proofs/model-and-proofs.md,tests/test_model.py; tests/test_boundaries.py,55 unit and boundary tests plus 9261 finite floor triples,Section 3,results/exact_oracles.json,proved in the compatible-state model,"Retained proofs, implementation checks, and result surfaces agree within the stated scope"
C2,Equal retained evidence and floors yield equal deterministic decisions and partitions,State and view convergence,proofs/model-and-proofs.md,src/cie/simulator.py,25 in-process fault trials with oracle repair,tab:faults,results/faults.csv,bounded supported,"Retained proofs, implementation checks, and result surfaces agree within the stated scope"
C3,No selected negative pair occurs within a materialized component,Explicit-negative consistency,proofs/model-and-proofs.md,tests/test_model.py; experiments/exact_oracles.py,729 labelled graphs plus generated families,fig:algorithm,results/exact_oracles.json,bounded supported,"Retained proofs, implementation checks, and result surfaces agree within the stated scope"
C4,The threshold-two rule has zero false merges in frozen generated separability instances,Model-scoped non-conflation,proofs/model-and-proofs.md,src/cie/workload.py,15 generated correctness trials,tab:correctness,results/correctness.csv,conditional theorem and generated evidence only,"Retained proofs, implementation checks, and result surfaces agree within the stated scope"
C5,Sparse generated support creates a 0 to 25.4 percent false-split cost,Separability boundary,proofs/model-and-proofs.md,src/cie/workload.py,15 trials over three sparse fractions,Supplement: fig:sparsity,results/correctness.csv,not Web prevalence or accuracy,"Retained proofs, implementation checks, and result surfaces agree within the stated scope"
C6,An incomplete epoch never supplies positive authorization; older sealed decisions can remain visible,Sealed-decision definition,proofs/model-and-proofs.md,tests/test_model.py,20000 random and 20000 positive-first sampled orders,Supplement: fig:sealing,results/unsealed_safety.csv,not 40000 distinct exhaustive schedules,"Retained proofs, implementation checks, and result surfaces agree within the stated scope"
C7,Later selected negative evidence deterministically splits a prior union,Evidence-driven split,proofs/model-and-proofs.md,tests/test_exhaustive.py,720 exhaustive orders of six cells,fig:motivation,tests/test_exhaustive.py,bounded supported,"Retained proofs, implementation checks, and result surfaces agree within the stated scope"
C8,Compaction preserves the view and bounds only successfully floored relations while refusing unsafe calls atomically,Compaction safety and conditional bound,proofs/model-and-proofs.md,tests/test_model.py,three epoch-depth cases and stale-floor checks,Supplement: fig:compaction,results/compaction.csv,conditional retention; no bound for unfloored or blocked histories,"Retained proofs, implementation checks, and result surfaces agree within the stated scope"
C9,Same and different certificates are independently checkable relative to their supplied states,Positive and negative certificate soundness,checker/verify.py,checker/verify.py,59 retained queries plus exact and TCP checks,tab:certs,results/witnesses.csv,bounded supported,"Retained proofs, implementation checks, and result surfaces agree within the stated scope"
C10,Ambiguity certificates exactly minimize source-slot interventions over simple quotient paths whose complete component set contains no selected negative pair,Global negative-compatible ambiguity optimality,proofs/model-and-proofs.md; checker/verify.py,tests/test_model.py; experiments/exact_oracles.py,148 retained ambiguous queries; 643 exact graph queries; 18432 compatibility queries,Section 5.2 and Table 6,results/witnesses.csv; results/exact_oracles.json,exact only for the frozen state registry threshold candidate graph and selected negatives,"Retained proofs, implementation checks, and result surfaces agree within the stated scope"
C11,The retained 79990-cell in-process scale case lies inside its frozen caps,Simulation resource envelope,proofs/model-and-proofs.md,experiments/scale_case.py,five scale cases,tab:scale,results/scale.csv,in-process simulation; not TCP throughput,"Retained proofs, implementation checks, and result surfaces agree within the stated scope"
C12,Six archived HTTP rows exhibit redirects authority changes and an endpoint change,Observation-vocabulary calibration,proofs/model-and-proofs.md,experiments/archive_calibration.py,three archived navigations,tab:calibration,results/archive_calibration.csv,descriptive evidence with no identity labels,"Retained proofs, implementation checks, and result surfaces agree within the stated scope"
C13,A merge-only partition state cannot refine an existing union,Merge-only partition-state limitation,proofs/model-and-proofs.md,proofs/model-and-proofs.md,two-history argument,Supplement: fig:lowerbound,proofs/model-and-proofs.md,does not exclude ordered overwrite registers,"Retained proofs, implementation checks, and result surfaces agree within the stated scope"
C14,A safe common-floor proposal uses the intersection of actually sealed epochs rather than minimum latest reports,Common sealed-epoch proposition,proofs/model-and-proofs.md,tests/test_boundaries.py,disjoint and hole-containing epoch histories,Section 5.4,tests/test_boundaries.py,repair proved and regression checked,"Retained proofs, implementation checks, and result surfaces agree within the stated scope"
C15,Fair peer pulls converge after inputs and floors stop changing on a strongly connected graph,Peer-repair convergence,proofs/model-and-proofs.md,src/cie/service.py; experiments/socket_campaign.py,pilot and five generated loopback cases plus public replay,tab:socket,results/socket/*/result.json; results/socket/*/events.json,five endpoints in one event loop; trusted fixed membership,"Retained proofs, implementation checks, and result surfaces agree within the stated scope"
C16,Finite independent oracles agree on partitions certificates source-slot costs floor algebra and globally compatible ambiguity optima,Finite exact checks,proofs/model-and-proofs.md,experiments/exact_oracles.py,729 graphs; 4374 queries; 192 gap cases; 9261 triples; 4096 compatibility graphs; 18432 compatibility queries,Sections 6 and 7.5,results/exact_oracles.json,finite families; not whole-program verification,"Retained proofs, implementation checks, and result surfaces agree within the stated scope"
C17,An adjacency-only ambiguity rule can cross a non-adjacent selected negative; the repaired rule rejects every such path in the bounded compatibility oracle,Adjacency-only counterexample and repaired global rule,proofs/model-and-proofs.md; checker/verify.py,tests/test_model.py; experiments/exact_oracles.py,four-handle regression plus 144 unsafe choices among 18432 queries,Section 5.2 and Section 7.5,results/local_gap_counterexample.json; results/exact_oracles.json,old rule refuted; repaired bounded optimum checked,"Retained proofs, implementation checks, and result surfaces agree within the stated scope"
C18,The conservative six-row navigation adapter emits only UNKNOWN evidence and converges without inventing an identity label,Public input boundary,proofs/model-and-proofs.md,src/cie/http_adapter.py,six archived navigation rows plus four generated closure sources; loopback replay,Sections 2.1 and 7.4; Appendix public-input detail,results/archive_calibration.csv; results/socket/public/result.json; results/socket/public/query_answers.json,input-path and vocabulary calibration only; no target or service accuracy label,"Retained proofs, implementation checks, and result surfaces agree within the stated scope"
C19,All-unknown evidence can be compatible with two different true partitions even after complete delivery,Identifiability observation,proofs/model-and-proofs.md,proofs/model-and-proofs.md Section 11,two-world logical construction; no new experiment,Observation 1,proofs/model-and-proofs.md,elementary impossibility boundary; no novelty priority claim,"Retained proofs, implementation checks, and result surfaces agree within the stated scope"
C20,"Across 16 inspected public fixture candidates, 12 retained measurements produce 276 pairs over 11 normalized input targets; a strict two-signal predicate asserts 20 labels with zero finite-family error while a closed-world endpoint control makes two false merges and seven false splits",Public target-equivalence predicate and abstention boundary,src/cie/public_benchmark.py; experiments/public_target_benchmark.py; scripts/audit_public_inputs.py; external_inputs/ooni_field_mapping.csv,tests/test_public_benchmark.py; external_inputs/ooni_dual_vantage_targets.csv; external_inputs/ooni_fixture_selection.csv,24 observations; 276 pairs; three header thresholds; 11 target-block folds; 12 case-block folds; closed-world endpoint negative control; side-specific field and selection audit,tab:public-target; Appendix target-predicate sensitivity,results/public_target_summary.json; results/public_target_pairs.csv; results/public_target_sensitivity.csv,bounded exact-target result on a nonprobability dependent fixture family; 3 same 17 different 256 unknown; labels are normalized input targets only,"Retained proofs, implementation checks, and result surfaces agree within the stated scope"
C21,"For two fixed cuts, peer endpoints respond to all local queries while central and quorum references respond at 50 and 60 percent of sites on average; all reachable partition-time answers are ambiguous and peer storage/wire costs are higher",Equal-work architecture tradeoff under two fixed client partitions,experiments/equal_work_campaign.py; scripts/verify_equal_work.py; checker/verify.py,tests/test_equal_work.py; src/cie/service.py,30 paired cases: three architectures by two layouts by five seeds; 100 services and 2200 cells each; 135 checked certificates,tab:equal-work; Appendix equal-work ranges,results/equal_work.csv; results/equal_work_summary.json; results/equal_work/*/*.json,Bounded same-work loopback comparison; query responsiveness is not fresh or decisive authorization; no universal ranking or consensus implementation,"Retained proofs, implementation checks, and result surfaces agree within the stated scope"
C22,"After acknowledged commits, four independent service processes recover persisted evidence across six abrupt exits and converge by peer repair without authorizing same from partial source vectors",Acknowledged-snapshot process recovery boundary,experiments/process_crash_campaign.py; scripts/verify_process_crash.py; checker/verify.py,src/cie/service.py; tests/test_equal_work.py,three cases; four processes; five sources; 2200 cells; two post-ack SIGKILL exits per case; 30 checked certificates,Section 7.4; Appendix independent-process recovery boundary,results/process_crash.csv; results/process_crash_summary.json; results/process_crash/seed-*.json,"one-host post-ack process-exit evidence; no mid-write injection, power-loss durability, independent-machine failure, or crash consensus","Retained proofs, implementation checks, and result surfaces agree within the stated scope"
C23,"The loopback service serializes concurrent ingests without lost updates, preserves the prior state on pre-replace failure, exposes post-replace directory-sync failure only as an unacknowledged idempotently retryable outcome, keeps acknowledgement reads nonmutating, removes stale temporary files, bounds peer-close waiting, and emits identical state and certificates across five Python hash seeds",Prototype mutation and determinism boundary,src/cie/service.py; tests/test_service_durability.py; tests/test_determinism.py,tests/test_service_durability.py; tests/test_determinism.py,six durability/concurrency/RPC-boundary unit cases and one subprocess determinism case over five hash seeds,Section 6 prototype boundary,tests/test_service_durability.py; tests/test_determinism.py,implementation boundary checked by fault injection and subprocess comparison,"Retained proofs, implementation checks, and result surfaces agree within the stated scope"
C24,The original-handle negative-neighbor index preserves the complete scanning materialization view,Indexed equivalence and storage,proofs/model-and-proofs.md,src/cie/model.py; tests/test_indexed_materializer.py,729 ternary graphs; 160 random states; compacted/stale/empty cases,Section 4.3,results/tpds/materializer_checks.json,Invariant proof; at most 2|N| live entries; not a constant-time guard,Proof and executed evidence cross-checked; no acceptance or population inference
C25,Paired complete-call measurements show a sparse-cut benefit in two independently reaggregated raw executions and no consistent benefit on dense-cut and low-conflict controls; a 3.03 historical value is summary-only,Semantics-preserving optimization evaluation,proofs/model-and-proofs.md,experiments/materializer_campaign.py,60 structural cases; 300 alternating-order pairs per execution,Section 7.7; fig:index,results/tpds/materializer_raw.csv; results/tpds/materializer_summary.csv; results/tpds/materializer_replications.csv; results/reproduction.json,Two raw-retained executions independently reaggregate to the same views; one earlier execution survives only as summary and is not a complete raw-retained run; timing magnitude is environment-sensitive and not realistic Web throughput,Proof and executed evidence cross-checked; no acceptance or population inference
C26,Central-versus-quorum response ordering reverses when the five-site partition universe is restricted to two blocks,Topology response formula,proofs/model-and-proofs.md,experiments/topology_campaign.py; tests/test_topology.py,51 partitions; 2550 placements; 12750 site checks,Section 7.8,results/tpds/topology_cases.csv; results/tpds/topology_summary.json,Exact reachability enumeration; not empirical failure frequencies or decisive-answer availability,Proof and executed evidence cross-checked; no acceptance or population inference
C28,"A query response that would exceed the 4 MiB frame because state evidence is repeated in its certificate falls back to immutable state-cell references that the independent checker resolves; if the compact form still exceeds the limit, the service returns an explicit error frame rather than silently disconnecting",Bounded state-coupled response encoding,src/cie/service.py; checker/verify.py,tests/test_transport_budget.py,Static two-source boundary regression and explicit overflow-error regression; not a performance result,Section 6 prototype boundary,tests/test_transport_budget.py,Benign bounded transport regression; no claim beyond loopback prototype framing,Full and key-reference certificates are independently verified; residual overflow is an explicit atomic rejection
C29,"Historical timing runs retain their measured rows but lack recoverable CPU, memory, OS, Python, virtualization, persistence-medium, and filesystem metadata; those fields remain unknown and future reproduction captures them automatically",Timing provenance boundary,scripts/capture_environment.py; scripts/verify_environment_inventory.py,results/timing_environment_inventory.csv,Eight cited timing surfaces inventoried; runtime capture schema exercised during final verification,Section 7 method; Supplemental timing provenance,results/timing_environment_inventory.csv; results/runtime_environment/*.json,Historical unknowns are explicit; future records do not retroactively identify prior runs,Inventory and capture schema checked automatically
