resource_name,scholarly_or_official_url,license,access_date,resource_type,acquisition_method,integration_mode,supported_claim,internals_modified
Web Performance Pitfalls sample measurements,https://github.com/renghardt/web-measurement-tools,BSD 2-Clause software notice; factual navigation extraction only,2026-08-26,public HTTP measurement records,read-only public access,exact factual extraction included in external_inputs/public_http_calibration.csv,Archived traces contain redirect authority and endpoint transitions that fit the declared observation vocabulary,no
Web Performance Pitfalls publication,https://doi.org/10.1007/978-3-030-15986-3_19,scholarly publication,2026-08-26,scholarly record,read-only DOI record,bibliographic citation and dataset attribution,Provenance for the navigation calibration extraction,no
OONI Web Connectivity public fixtures,https://github.com/ooni/pipeline/tree/master/af/fastpath/fastpath/tests/data,BSD 3-Clause software notice; factual fixture extraction only,2026-09-17,public dual-vantage measurement fixtures,read-only public repository access,selection manifest plus side-specific factual extraction and field-path mapping included in external_inputs/,"Sixteen inspected candidates yield 12 retained records, 24 observations, 11 normalized targets, and a bounded conservative-abstention check without synthesizing absent side fields",no
OONI publication,https://www.usenix.org/conference/foci12/workshop-program/presentation/filast%C3%B2,scholarly publication,2026-09-17,scholarly record,read-only USENIX record,bibliographic citation and measurement-method attribution,OONI provides the probe/control multi-vantage measurement context,no
OONI pipeline license,https://github.com/ooni/pipeline/blob/master/LICENSE.md,BSD 3-Clause,2026-09-17,license notice,read-only source file,license attribution only; no executable dependency consumed,Scope of the redistributed factual fixture extraction and repository software notice,no
Web measurement software license,https://github.com/renghardt/web-measurement-tools/blob/master/LICENSE.md,BSD 2-Clause,2026-09-10,license notice,read-only source file,license attribution only; no executable software consumed,Scope of upstream software notice; not a license for third-party response bodies,no
IEEE journal article template selector,https://journals.ieeeauthorcenter.ieee.org/create-your-ieee-journal-article/authoring-tools-and-templates/tools-for-ieee-authors/ieee-article-templates/,official publisher guidance,2026-09-23,publisher template guidance,read-only official IEEE Author Center access,IEEEtran journal template family; no local class modifications,Current IEEE journal submissions use the IEEE article template selected for the target publication,no
IEEE Computer Society author guidelines,https://www.computer.org/publications/author-resources,official publisher guidance,2026-09-23,publisher submission guidance,read-only official Computer Society access,TPDS regular-paper page and abstract accounting,Regular Transactions articles use the current Computer Society journal format and 12-page accounting including references and author information,no
IEEEtran current package record,https://ctan.org/pkg/ieeetran,LaTeX Project Public License 1.3,2026-09-23,current template package record,read-only CTAN record; installed files recopied unchanged,IEEEtran.cls version 1.8b and IEEEtran.bst version 1.14,The included class and bibliography style match the current published IEEEtran package version,no
TPDS scope and regular-submission route,https://www.computer.org/digital-library/journals/td/cfp-parallel-distributed-systems,official publisher guidance,2026-09-23,journal scope and submission guidance,read-only official Computer Society access,target-journal scope calibration only,The manuscript targets a regular TPDS article on distributed algorithms software and performance evaluation,no
