cite_key,title,authors,year,venue,identifier,category,manuscript_role,project_delta,manuscript_location,source_anchor,verification_scope,status
enghardt2019pitfalls,Web Performance Pitfalls,Theresa Enghardt and Thomas Zinner and Anja Feldmann,2019,Passive and Active Measurement,doi:10.1007/978-3-030-15986-3_19,web_measurement,"Shows that HAR, Navigation Timing, Resource Timing, and packet-derived views can disagree or omit objects in the same page load, so observation provenance must be retained.",It studies fidelity among page-load measurement sources; this project instead reconciles declared identity evidence across replicas and never treats one capture format as identity truth.,"Main article, Section 8 (with earlier citations where applicable)",Abstract; measurement-source comparison and object-coverage analysis,bibliographic metadata checked against the DOI or official/persistent venue record; the cited contribution was checked at the named source anchor; no exhaustive priority claim,cited in manuscript
wu2019webshell,Session-Based Webshell Detection Using Machine Learning in Web Logs,Yixin Wu and Yuqiang Sun and Cheng Huang and Peng Jia and Luping Liu,2019,Security and Communication Networks,doi:10.1155/2019/3093809,lineage_boundary,"Provides the narrow historical lineage case: one Web-log stream is divided into sessions using IP, user-agent, and inter-arrival-time features before classification.",That grouping problem operates within one server log and optimizes attack detection; this project handles conflicting multi-vantage network evidence and does not transfer its labels or accuracy.,"Main article, Section 8 (with earlier citations where applicable)",Abstract; §3.3.2 session-identification procedure,bibliographic metadata checked against the DOI or official/persistent venue record; the cited contribution was checked at the named source anchor; no exhaustive priority claim,cited in manuscript
garg2025redirects,"Not Here, Go There: Analyzing Redirection Patterns on the Web",Kritika Garg and Sawood Alam and Dietrich Ayala and Michele C. Weigle and Michael L. Nelson,2025,Proceedings of the 17th ACM Web Science Conference,doi:10.1145/3717867.3717925,web_measurement,"Documents canonical and non-canonical redirect chains, terminal errors, sink URIs, and custom error pages at large scale, showing that redirect outcomes are operationally variable observations.",It characterizes redirect practice and outcomes; this project records redirect-derived relations only as source-scoped evidence and does not infer identity from redirection alone.,"Main article, Section 8 (with earlier citations where applicable)",Abstract; redirect taxonomy and outcome summary,bibliographic metadata checked against the DOI or official/persistent venue record; the cited contribution was checked at the named source anchor; no exhaustive priority claim,cited in manuscript
koop2020redirect,In-Depth Evaluation of Redirect Tracking and Link Usage,Martin Koop and Erik Tews and Stefan Katzenbeisser,2020,Proceedings on Privacy Enhancing Technologies,doi:10.2478/popets-2020-0079,web_measurement,"Shows that ordinary links and automatic redirects can route users through hidden tracking intermediaries, making a redirect chain an observation path rather than a stable principal.",It detects redirect-based tracking behavior; this project reconciles identity evidence and treats intermediary endpoints as non-authoritative unless a source predicate explicitly supports a relation.,"Main article, Section 8 (with earlier citations where applicable)",Abstract; redirect-link-tracking threat model,bibliographic metadata checked against the DOI or official/persistent venue record; the cited contribution was checked at the named source anchor; no exhaustive priority claim,cited in manuscript
demir2022reproducibility,Reproducibility and Replicability of Web Measurement Studies,Nurullah Demir and Matteo Gro{\ss}e-Kampmann and Tobias Urban and Christian Wressnegger and Thorsten Holz and Norbert Pohlmann,2022,Proceedings of the ACM Web Conference,doi:10.1145/3485447.3512214,web_measurement,Finds that Web-measurement papers often omit setup details and experimentally shows that small configuration differences change aggregate results across 24 setups.,"It supplies reproducibility criteria for crawls; this artifact freezes inputs, scripts, exclusions, and stable-field comparisons for a different replicated-evidence question.","Main article, Section 8 (with earlier citations where applicable)",Abstract; stated reproducibility criteria and 24-setup experiment,bibliographic metadata checked against the DOI or official/persistent venue record; the cited contribution was checked at the named source anchor; no exhaustive priority claim,cited in manuscript
demir2023similarity,On the Similarity of Web Measurements Under Different Experimental Setups,"Nurullah Demir and Jan H{\""o}rnemann and Matteo Gro{\ss}e-Kampmann and Tobias Urban and Norbert Pohlmann and Thorsten Holz and Christian Wressnegger",2023,Proceedings of the ACM Internet Measurement Conference,doi:10.1145/3618257.3624795,web_measurement,Shows that dependency trees collected from 1.7 million pages differ across five setups and can differ even when nominal setups are identical.,"It explains observational divergence caused by measurement setup; this project assumes such divergence and specifies how replicas retain, close, and reconcile the resulting evidence.","Main article, Section 8 (with earlier citations where applicable)",Abstract; dependency-tree comparison result,bibliographic metadata checked against the DOI or official/persistent venue record; the cited contribution was checked at the named source anchor; no exhaustive priority claim,cited in manuscript
hantke2023archaeology,You Call This Archaeology? Evaluating Web Archives for Reproducible Web Security Measurements,Florian Hantke and Stefano Calzavara and Moritz Wilhelm and Alvise Rabitti and Ben Stock,2023,Proceedings of the ACM SIGSAC Conference on Computer and Communications Security,doi:10.1145/3576915.3616688,web_measurement,Evaluates Web archives for reproducible security measurements and identifies both their reproducibility benefit and archive-specific coverage and fidelity pitfalls.,It asks whether archived pages can substitute for live measurements; this project uses frozen public fixtures only for bounded predicate calibration and makes no population claim.,"Main article, Section 8 (with earlier citations where applicable)",Abstract; archive suitability and pitfalls findings,bibliographic metadata checked against the DOI or official/persistent venue record; the cited contribution was checked at the named source anchor; no exhaustive priority claim,cited in manuscript
hantke2025webrec,"Web Execution Bundles: Reproducible, Accurate, and Archivable Web Measurements",Florian Hantke and Peter Snyder and Hamed Haddadi and Ben Stock,2025,34th USENIX Security Symposium,https://www.usenix.org/conference/usenixsecurity25/presentation/hantke,web_measurement,"Introduces WebREC and the .web execution-bundle format to improve the accuracy, generality, and archivability of browser-based Web measurements.","It improves how browser executions are captured; this project begins after capture, using source-scoped evidence cells and executable certificates rather than a browser archive format.","Main article, Section 8 (with earlier citations where applicable)",Official USENIX abstract; WebREC and .web contribution statement,bibliographic metadata checked against the DOI or official/persistent venue record; the cited contribution was checked at the named source anchor; no exhaustive priority claim,cited in manuscript
durumeric2013zmap,{ZMap}: Fast Internet-Wide Scanning and Its Security Applications,Zakir Durumeric and Eric Wustrow and J. Alex Halderman,2013,22nd USENIX Security Symposium,https://www.usenix.org/conference/usenixsecurity13/technical-sessions/paper/durumeric,web_measurement,"Demonstrates practical, high-speed Internet-wide IPv4 scanning and frames scanning as a broad host-discovery primitive for security measurement.",It expands collection scale; this project does not scan the Internet and does not equate a responsive host-port pair with a stable service identity.,"Main article, Section 8 (with earlier citations where applicable)",Official USENIX abstract; scanner design and application summary,bibliographic metadata checked against the DOI or official/persistent venue record; the cited contribution was checked at the named source anchor; no exhaustive priority claim,cited in manuscript
izhikevich2021lzr,{LZR}: Identifying Unexpected Internet Services,Liz Izhikevich and Renata Teixeira and Zakir Durumeric,2021,30th USENIX Security Symposium,https://www.usenix.org/conference/usenixsecurity21/presentation/izhikevich,web_measurement,Shows that many application protocols run on unexpected ports and presents LZR for identifying such services with a small number of handshakes.,"It weakens port-based service assumptions and improves protocol identification; this project reconciles already-declared evidence and therefore treats port numbers as observations, not principals.","Main article, Section 8 (with earlier citations where applicable)",Official USENIX abstract; unexpected-port measurements and LZR contribution,bibliographic metadata checked against the DOI or official/persistent venue record; the cited contribution was checked at the named source anchor; no exhaustive priority claim,cited in manuscript
durumeric2015censys,A Search Engine Backed by Internet-Wide Scanning,Zakir Durumeric and David Adrian and Ariana Mirian and Michael Bailey and J. Alex Halderman,2015,Proceedings of the ACM SIGSAC Conference on Computer and Communications Security,doi:10.1145/2810103.2813703,web_measurement,"Introduces Censys as a search engine over ongoing Internet-wide scans, protocol banners, and derived fields for host and vulnerability analysis.",It indexes scan observations for query; this project stores immutable source votes and derives conflict-safe identity certificates instead of providing a scan-search interface.,"Main article, Section 8 (with earlier citations where applicable)",Abstract; Censys architecture and query capability,bibliographic metadata checked against the DOI or official/persistent venue record; the cited contribution was checked at the named source anchor; no exhaustive priority claim,cited in manuscript
pearce2017dns,Global Measurement of {DNS} Manipulation,Paul Pearce and Ben Jones and Frank Li and Roya Ensafi and Nick Feamster and Nick Weaver and Vern Paxson,2017,26th USENIX Security Symposium,https://www.usenix.org/conference/usenixsecurity17/technical-sessions/presentation/pearce,web_measurement,"Uses geographically distributed measurements to expose DNS manipulation and inconsistent resolver answers, demonstrating that DNS observations depend on vantage and policy.",It detects manipulation of name resolution; this project treats DNS-derived agreement or disagreement as one source-scoped signal and refuses to make DNS alone authoritative.,"Main article, Section 8 (with earlier citations where applicable)",Official USENIX abstract; multi-vantage DNS manipulation methodology,bibliographic metadata checked against the DOI or official/persistent venue record; the cited contribution was checked at the named source anchor; no exhaustive priority claim,cited in manuscript
shapiro2011crdt,Conflict-Free Replicated Data Types,Marc Shapiro and Nuno Pregui{\c{c}}a and Carlos Baquero and Marek Zawirski,2011,"Stabilization, Safety, and Security of Distributed Systems",doi:10.1007/978-3-642-24550-3_29,replication_coordination,Defines strong eventual consistency and sufficient convergence conditions for state- and operation-based conflict-free replicated data types.,"This project adopts a join-semilattice for immutable evidence but keeps identity as a recomputed, closure-gated view rather than claiming the derived partition itself is a CRDT.","Main article, Section 8 (with earlier citations where applicable)",Abstract; formal SEC and CRDT definitions,bibliographic metadata checked against the DOI or official/persistent venue record; the cited contribution was checked at the named source anchor; no exhaustive priority claim,cited in manuscript
almeida2018delta,Delta State Replicated Data Types,Paulo S{\'e}rgio Almeida and Ali Shoker and Carlos Baquero,2018,Journal of Parallel and Distributed Computing,doi:10.1016/j.jpdc.2017.08.003,replication_coordination,"Introduces delta-state CRDTs, whose small joinable deltas converge over unreliable channels while retaining state-based anti-entropy semantics.","The implementation exchanges immutable evidence deltas and inventories, but its retention floors and authorization closure are application-specific rather than a generic delta-CRDT library.","Main article, Section 8 (with earlier citations where applicable)",Abstract; delta-mutator and anti-entropy contributions,bibliographic metadata checked against the DOI or official/persistent venue record; the cited contribution was checked at the named source anchor; no exhaustive priority claim,cited in manuscript
bailis2014coordination,Coordination Avoidance in Database Systems,Peter Bailis and Alan Fekete and Michael J. Franklin and Ali Ghodsi and Joseph M. Hellerstein and Ion Stoica,2014,Proceedings of the VLDB Endowment,doi:10.14778/2735508.2735509,replication_coordination,Introduces invariant confluence as a necessary-and-sufficient test for when application invariants permit coordination-free execution.,The paper analyzes arbitrary application invariants; this project uses a narrower rule in which evidence ingestion is monotone while positive identity authorization waits for declared closure.,"Main article, Section 8 (with earlier citations where applicable)",Abstract; invariant-confluence definition and coordination result,bibliographic metadata checked against the DOI or official/persistent venue record; the cited contribution was checked at the named source anchor; no exhaustive priority claim,cited in manuscript
bansal2004correlation,Correlation Clustering,Nikhil Bansal and Avrim Blum and Shuchi Chawla,2004,Machine Learning,doi:10.1023/B:MACH.0000033116.57574.95,entity_resolution_partitioning,Formulates correlation clustering as partitioning a signed similarity graph while minimizing disagreement with positive and negative edges.,"This project also reasons over signed relations, but it preserves unknowns and closure state and constructs a negative-safe partition instead of optimizing a global disagreement objective.","Main article, Section 8 (with earlier citations where applicable)",Abstract; correlation-clustering objective,bibliographic metadata checked against the DOI or official/persistent venue record; the cited contribution was checked at the named source anchor; no exhaustive priority claim,cited in manuscript
buneman2001provenance,Why and Where: A Characterization of Data Provenance,Peter Buneman and Sanjeev Khanna and Wang-Chiew Tan,2001,International Conference on Database Theory,doi:10.1007/3-540-44503-X_20,provenance_explanation,Separates why-provenance from where-provenance for database query results and characterizes how derivations depend on source tuples.,Its provenance semantics cover query answers generally; this project emits narrower certificates that name the exact selected evidence cells and relation path for one identity decision.,"Main article, Section 8 (with earlier citations where applicable)",Abstract; why/where provenance characterization,bibliographic metadata checked against the DOI or official/persistent venue record; the cited contribution was checked at the named source anchor; no exhaustive priority claim,cited in manuscript
cheney2009provenance,"Provenance in Databases: Why, How, and Where",James Cheney and Laura Chiticariu and Wang-Chiew Tan,2009,Foundations and Trends in Databases,doi:10.1561/1900000006,provenance_explanation,"Surveys database provenance questions—why, how, and where—and the semantic distinctions among lineage formalisms.",It provides the broader provenance taxonomy; this project implements only state-coupled decision certificates and does not claim general provenance algebra.,"Main article, Section 8 (with earlier citations where applicable)",Abstract and survey scope statement,bibliographic metadata checked against the DOI or official/persistent venue record; the cited contribution was checked at the named source anchor; no exhaustive priority claim,cited in manuscript
fellegi1969linkage,A Theory for Record Linkage,Ivan P. Fellegi and Alan B. Sunter,1969,Journal of the American Statistical Association,doi:10.1080/01621459.1969.10501049,entity_resolution_partitioning,"Establishes the classical probabilistic decision framework for classifying record pairs as links, non-links, or possible links from comparison evidence.","This project likewise exposes an undecided outcome, but it uses declared source votes and closure rather than learned match probabilities or population error rates.","Main article, Section 8 (with earlier citations where applicable)",Model formulation and three-way linkage decision rule,bibliographic metadata checked against the DOI or official/persistent venue record; the cited contribution was checked at the named source anchor; no exhaustive priority claim,cited in manuscript
englehardt2016online,Online Tracking: A 1-million-site Measurement and Analysis,Steven Englehardt and Arvind Narayanan,2016,Proceedings of the ACM SIGSAC Conference on Computer and Communications Security,doi:10.1145/2976749.2978313,web_measurement,Measures tracking across one million sites and shows the scale and diversity of third-party requests and stateful tracking mechanisms on the Web.,It is evidence that page observations contain many shared third parties; this project therefore refuses to equate co-observed endpoints with service identity.,"Main article, Section 8 (with earlier citations where applicable)",Abstract; one-million-site measurement findings,bibliographic metadata checked against the DOI or official/persistent venue record; the cited contribution was checked at the named source anchor; no exhaustive priority claim,cited in manuscript
lepochat2019tranco,{Tranco}: A Research-Oriented Top Sites Ranking Hardened Against Manipulation,Victor Le Pochat and Tom Van Goethem and Samaneh Tajalizadehkhoob and Maciej Korczy{\'n}ski and Wouter Joosen,2019,Network and Distributed System Security Symposium,doi:10.14722/ndss.2019.23386,web_measurement,"Introduces Tranco, a research-oriented top-site ranking designed to reduce manipulation and improve stability and reproducibility.",It addresses representative and stable target selection; this project uses an explicitly purposive fixture family and records that it cannot estimate Internet-wide accuracy.,"Main article, Section 8 (with earlier citations where applicable)",Abstract; ranking construction and stability objective,bibliographic metadata checked against the DOI or official/persistent venue record; the cited contribution was checked at the named source anchor; no exhaustive priority claim,cited in manuscript
scheitle2018toplists,"A Long Way to the Top: Significance, Structure, and Stability of Internet Top Lists",Quirin Scheitle and Oliver Hohlfeld and Julien Gamba and Jonas Jelten and Torsten Zimmermann and Stephen D. Strowes and Narseo Vallina-Rodriguez,2018,Proceedings of the ACM Internet Measurement Conference,doi:10.1145/3278532.3278574,web_measurement,"Quantifies structural differences and temporal instability among popular Internet top lists, showing that list choice materially changes measurement populations.",It motivates explicit target provenance; this artifact records candidate selection and exclusions rather than treating a top list as neutral ground truth.,"Main article, Section 8 (with earlier citations where applicable)",Abstract; cross-list significance and stability results,bibliographic metadata checked against the DOI or official/persistent venue record; the cited contribution was checked at the named source anchor; no exhaustive priority claim,cited in manuscript
gasser2016ipv6,Scanning the {IPv6} Internet: Towards a Comprehensive Hitlist,Oliver Gasser and Quirin Scheitle and Sebastian Gebhard and Georg Carle,2016,Traffic Monitoring and Analysis,doi:10.1007/978-3-319-39802-5_3,web_measurement,Builds and evaluates an IPv6 hit-list methodology because exhaustive address-space scanning is infeasible and target sources introduce coverage bias.,It concerns discovery of responsive IPv6 targets; this project assumes a candidate relation graph and states that missing candidates cannot be repaired by reconciliation.,"Main article, Section 8 (with earlier citations where applicable)",Abstract; IPv6 hit-list construction and coverage evaluation,bibliographic metadata checked against the DOI or official/persistent venue record; the cited contribution was checked at the named source anchor; no exhaustive priority claim,cited in manuscript
beverly2016yarrp,Yarrp'ing the Internet: Randomized High-Speed Active Topology Discovery,Robert Beverly,2016,Proceedings of the ACM Internet Measurement Conference,doi:10.1145/2987443.2987479,web_measurement,Introduces randomized high-speed active topology probing to improve the scalability and statistical properties of Internet path discovery.,"It is a collection technique for network paths; this project neither probes topology nor treats a path as identity, but cites it to separate acquisition from reconciliation.","Main article, Section 8 (with earlier citations where applicable)",Abstract; randomized topology-discovery design,bibliographic metadata checked against the DOI or official/persistent venue record; the cited contribution was checked at the named source anchor; no exhaustive priority claim,cited in manuscript
vandersloot2016certificates,Towards a Complete View of the Certificate Ecosystem,Benjamin VanderSloot and Johanna Amann and Matthew Bernhard and Zakir Durumeric and Michael D. Bailey and J. Alex Halderman,2016,Proceedings of the ACM Internet Measurement Conference,doi:10.1145/2987443.2987462,web_measurement,Combines multiple measurement sources to obtain a broader view of the public-key certificate ecosystem and its deployment.,It demonstrates that no single collection source gives a complete ecosystem view; this project preserves source identity rather than collapsing heterogeneous observations prematurely.,"Main article, Section 8 (with earlier citations where applicable)",Abstract; multi-source certificate-ecosystem measurement,bibliographic metadata checked against the DOI or official/persistent venue record; the cited contribution was checked at the named source anchor; no exhaustive priority claim,cited in manuscript
provos2001scanssh,{ScanSSH}: Scanning the Internet for {SSH} Servers,Niels Provos and Peter Honeyman,2001,15th USENIX Large Installation System Administration Conference,https://www.usenix.org/conference/lisa-2001/scanssh-scanning-internet-ssh-servers,web_measurement,Presents an early system for scanning large address ranges for SSH services and analyzing discovered protocol implementations.,It discovers services by endpoint response; this project treats such discovery as evidence generation and does not assume that one endpoint equals one enduring service principal.,"Main article, Section 8 (with earlier citations where applicable)",Official USENIX paper summary; scanning methodology,bibliographic metadata checked against the DOI or official/persistent venue record; the cited contribution was checked at the named source anchor; no exhaustive priority claim,cited in manuscript
huang2003service,Network-Sensitive Service Discovery,An-Cheng Huang and Peter Steenkiste,2003,4th USENIX Symposium on Internet Technologies and Systems,https://www.usenix.org/conference/usits-03/network-sensitive-service-discovery,naming_discovery_tracing,Presents network-sensitive service discovery that selects among known service instances using measured network conditions.,It assumes discoverable service descriptions and optimizes instance choice; this project instead resolves whether observations should share an identity under conflicting evidence.,"Main article, Section 8 (with earlier citations where applicable)",Official USENIX paper summary; network-sensitive selection mechanism,bibliographic metadata checked against the DOI or official/persistent venue record; the cited contribution was checked at the named source anchor; no exhaustive priority claim,cited in manuscript
fonseca2007xtrace,{X-Trace}: A Pervasive Network Tracing Framework,Rodrigo Fonseca and George Porter and Randy H. Katz and Scott Shenker and Ion Stoica,2007,4th USENIX Symposium on Networked Systems Design and Implementation,https://www.usenix.org/conference/nsdi-07/x-trace-pervasive-network-tracing-framework,naming_discovery_tracing,"Introduces X-Trace, which propagates explicit task identifiers across layers and administrative domains to correlate events in distributed executions.",X-Trace obtains correlation through instrumentation; this project addresses uninstrumented observations and can only authorize equivalence when declared evidence closes.,"Main article, Section 8 (with earlier citations where applicable)",Official USENIX abstract; task-identifier propagation design,bibliographic metadata checked against the DOI or official/persistent venue record; the cited contribution was checked at the named source anchor; no exhaustive priority claim,cited in manuscript
mazieres1999sfs,Separating Key Management from File System Security,David Mazi{\`e}res and Michael Kaminsky and M. Frans Kaashoek and Emmett Witchel,1999,Proceedings of the ACM Symposium on Operating Systems Principles,doi:10.1145/319151.319160,naming_discovery_tracing,Uses self-certifying pathnames to bind names to cryptographic keys while separating key management from file-system security.,Its identities are authenticated by construction; this project addresses observational service equivalence without assuming a globally assigned or self-certifying name.,"Main article, Section 8 (with earlier citations where applicable)",Abstract; self-certifying pathname construction,bibliographic metadata checked against the DOI or official/persistent venue record; the cited contribution was checked at the named source anchor; no exhaustive priority claim,cited in manuscript
koponen2007dona,A Data-Oriented (and Beyond) Network Architecture,Teemu Koponen and Mohit Chawla and Byung-Gon Chun and Andrey Ermolinskiy and Kye Hyun Kim and Scott Shenker and Ion Stoica,2007,Proceedings of the ACM SIGCOMM Conference,doi:10.1145/1282380.1282402,naming_discovery_tracing,Defines a data-oriented architecture in which persistent principals name data and resolution locates current copies.,DONA assigns stable principal identifiers; this project studies the harder case where service identity must remain undecided until heterogeneous evidence is sufficient and closed.,"Main article, Section 8 (with earlier citations where applicable)",Abstract; principal-based naming and resolution,bibliographic metadata checked against the DOI or official/persistent venue record; the cited contribution was checked at the named source anchor; no exhaustive priority claim,cited in manuscript
jacobson2009namedcontent,Networking Named Content,Van Jacobson and Diana K. Smetters and James D. Thornton and Michael F. Plass and Nicholas H. Briggs and Rebecca L. Braynard,2009,Proceedings of the ACM Conference on Emerging Networking Experiments and Technologies,doi:10.1145/1658939.1658941,naming_discovery_tracing,"Proposes networking named content, replacing host-location communication with retrieval of explicitly named content objects.",Named content assumes a naming scheme supplied by publishers; this project does not redesign naming and instead reconciles uncertain observational relations among handles.,"Main article, Section 8 (with earlier citations where applicable)",Abstract; named-content communication model,bibliographic metadata checked against the DOI or official/persistent venue record; the cited contribution was checked at the named source anchor; no exhaustive priority claim,cited in manuscript
andersen2008aip,Accountable Internet Protocol ({AIP}),David G. Andersen and Hari Balakrishnan and Nick Feamster and Teemu Koponen and Daekyeong Moon and Scott Shenker,2008,Proceedings of the ACM SIGCOMM Conference,doi:10.1145/1402946.1402997,naming_discovery_tracing,"Introduces accountable Internet principals whose identifiers are bound to public keys, making source accountability an architectural property.",AIP supplies cryptographic principals; this project cannot infer or authenticate operators and therefore limits itself to evidence-scoped service equivalence.,"Main article, Section 8 (with earlier citations where applicable)",Abstract; accountable-principal architecture,bibliographic metadata checked against the DOI or official/persistent venue record; the cited contribution was checked at the named source anchor; no exhaustive priority claim,cited in manuscript
han2012xia,{XIA}: Efficient Support for Evolvable Internetworking,Dongsu Han and Ashok Anand and Fahad R. Dogar and Boyan Li and Hyeontaek Lim and Michel Machado and Arvind Mukundan and Wenfei Wu and Aditya Akella and David G. Andersen and John W. Byers and Srinivasan Seshan and Peter Steenkiste,2012,9th USENIX Symposium on Networked Systems Design and Implementation,https://www.usenix.org/conference/nsdi12/technical-sessions/presentation/han_dongsu_xia,naming_discovery_tracing,Introduces XIA with evolvable principal types and intent-aware addressing so applications can name different kinds of network entities.,XIA makes principal semantics explicit in the architecture; this project operates over legacy Web observations where principal type and ownership are not given.,"Main article, Section 8 (with earlier citations where applicable)",Official USENIX abstract; evolvable principal and intent design,bibliographic metadata checked against the DOI or official/persistent venue record; the cited contribution was checked at the named source anchor; no exhaustive priority claim,cited in manuscript
balakrishnan2004layered,A Layered Naming Architecture for the Internet,Hari Balakrishnan and Karthik Lakshminarayanan and Sylvia Ratnasamy and Scott Shenker and Ion Stoica and Michael Walfish,2004,Proceedings of the ACM SIGCOMM Conference,doi:10.1145/1015467.1015505,naming_discovery_tracing,"Separates user-level names, service identifiers, endpoint identifiers, and addresses in a layered Internet naming architecture.",It redesigns the namespace to distinguish identity from location; this project keeps legacy handles and derives only a bounded evidence-based equivalence relation.,"Main article, Section 8 (with earlier citations where applicable)",Abstract; layered naming decomposition,bibliographic metadata checked against the DOI or official/persistent venue record; the cited contribution was checked at the named source anchor; no exhaustive priority claim,cited in manuscript
walfish2004dns,Untangling the Web from {DNS},Michael Walfish and Hari Balakrishnan and Scott Shenker,2004,1st USENIX Symposium on Networked Systems Design and Implementation,https://www.usenix.org/legacy/publications/library/proceedings/nsdi04/tech/walfish.html,naming_discovery_tracing,Proposes DNS-independent Web references so persistent links are not coupled to mutable domain-name administration and location.,It changes the reference and resolution architecture; this project accepts DNS and URLs as fallible observations and focuses on replica reconciliation.,"Main article, Section 8 (with earlier citations where applicable)",Official USENIX abstract; DNS-independent Web reference design,bibliographic metadata checked against the DOI or official/persistent venue record; the cited contribution was checked at the named source anchor; no exhaustive priority claim,cited in manuscript
benjelloun2009swoosh,Swoosh: A Generic Approach to Entity Resolution,Omar Benjelloun and Hector Garcia-Molina and David Menestrina and Qi Su and Steven Euijong Whang and Jennifer Widom,2009,The VLDB Journal,doi:10.1007/s00778-008-0098-x,entity_resolution_partitioning,Formalizes generic entity resolution around match and merge functions and studies conditions under which resolution results are well behaved.,Swoosh computes entities from records in one resolution process; this project replicates immutable pair evidence and keeps unknown relations explicit under partitions.,"Main article, Section 8 (with earlier citations where applicable)",Abstract; match/merge algebra and generic ER framework,bibliographic metadata checked against the DOI or official/persistent venue record; the cited contribution was checked at the named source anchor; no exhaustive priority claim,cited in manuscript
singla2006markov,Entity Resolution with Markov Logic,Parag Singla and Pedro M. Domingos,2006,IEEE International Conference on Data Mining,doi:10.1109/ICDM.2006.65,entity_resolution_partitioning,Uses Markov logic to combine uncertain attributes and relational dependencies for collective entity resolution.,It learns probabilistic entity assignments from relational structure; this project performs no statistical learning and requires auditable source votes for each relation.,"Main article, Section 8 (with earlier citations where applicable)",Abstract; Markov-logic collective resolution model,bibliographic metadata checked against the DOI or official/persistent venue record; the cited contribution was checked at the named source anchor; no exhaustive priority claim,cited in manuscript
bhattacharya2007collective,Collective Entity Resolution in Relational Data,Indrajit Bhattacharya and Lise Getoor,2007,ACM Transactions on Knowledge Discovery from Data,doi:10.1145/1217299.1217304,entity_resolution_partitioning,Shows that resolving related entities jointly can outperform independent pair decisions by exploiting relational context.,It is a batch inference approach over a relational dataset; this project instead preserves replica convergence and closure-sensitive authorization under changing evidence.,"Main article, Section 8 (with earlier citations where applicable)",Abstract; collective relational resolution contribution,bibliographic metadata checked against the DOI or official/persistent venue record; the cited contribution was checked at the named source anchor; no exhaustive priority claim,cited in manuscript
elmagarmid2007survey,Duplicate Record Detection: A Survey,Ahmed K. Elmagarmid and Panagiotis G. Ipeirotis and Vassilios S. Verykios,2007,IEEE Transactions on Knowledge and Data Engineering,doi:10.1109/TKDE.2007.250581,entity_resolution_partitioning,"Surveys duplicate-record detection, including field comparison, similarity, clustering, and evaluation choices.",It supplies the broader matching design space; this project contributes replicated evidence semantics and certificates rather than a new record-similarity metric.,"Main article, Section 8 (with earlier citations where applicable)",Abstract; survey taxonomy,bibliographic metadata checked against the DOI or official/persistent venue record; the cited contribution was checked at the named source anchor; no exhaustive priority claim,cited in manuscript
getoor2012entity,"Entity Resolution: Theory, Practice and Open Challenges",Lise Getoor and Ashwin Machanavajjhala,2012,Proceedings of the VLDB Endowment,doi:10.14778/2367502.2367564,entity_resolution_partitioning,"Reviews entity-resolution theory, practical systems, evaluation, and open challenges including uncertainty and scalability.","It frames the inference problem broadly; this project narrows scope to a declared candidate graph, source registry, and executable three-valued decisions.","Main article, Section 8 (with earlier citations where applicable)",Abstract; theory/practice/open-challenges scope,bibliographic metadata checked against the DOI or official/persistent venue record; the cited contribution was checked at the named source anchor; no exhaustive priority claim,cited in manuscript
konda2016magellan,Magellan: Toward Building Entity Matching Management Systems,Pradap Konda and Sanjib Das and Paul Suganthan G. C. and AnHai Doan and Adel Ardalan and Jeffrey R. Ballard and Han Li and Fatemah Panahi and Haojun Zhang and Jeffrey F. Naughton and Shishir Prasad and Ganesh Krishnan and Rohit Deep and Vijay Raghavendra,2016,Proceedings of the VLDB Endowment,doi:10.14778/2994509.2994535,entity_resolution_partitioning,"Introduces Magellan as a system-oriented environment for building, debugging, and managing end-to-end entity-matching workflows.",Magellan manages matching pipelines; this artifact instead manages replicated evidence state and exposes checker-verifiable authorization decisions.,"Main article, Section 8 (with earlier citations where applicable)",Abstract; entity-matching management-system contribution,bibliographic metadata checked against the DOI or official/persistent venue record; the cited contribution was checked at the named source anchor; no exhaustive priority claim,cited in manuscript
mudgal2018deep,Deep Learning for Entity Matching: A Design Space Exploration,Sidharth Mudgal and Han Li and Theodoros Rekatsinas and AnHai Doan and Youngchoon Park and Ganesh Krishnan and Rohit Deep and Esteban Arcaute and Vijay Raghavendra,2018,Proceedings of the ACM SIGMOD International Conference on Management of Data,doi:10.1145/3183713.3196926,entity_resolution_partitioning,Systematically explores neural architectures for pairwise entity matching and identifies effective design choices for attribute comparison.,It improves learned pair classification; this project deliberately treats the pair predicate as supplied and evaluates reconciliation independently from model accuracy.,"Main article, Section 8 (with earlier citations where applicable)",Abstract; deep entity-matching design-space study,bibliographic metadata checked against the DOI or official/persistent venue record; the cited contribution was checked at the named source anchor; no exhaustive priority claim,cited in manuscript
li2020ditto,Deep Entity Matching with Pre-Trained Language Models,Yuliang Li and Jinfeng Li and Yoshihiko Suhara and AnHai Doan and Wang-Chiew Tan,2020,Proceedings of the VLDB Endowment,doi:10.14778/3421424.3421431,entity_resolution_partitioning,Applies pre-trained language models to entity matching and adds domain-aware optimizations for pair classification.,Ditto is a stronger possible predicate baseline; this project does not claim to outperform it and instead controls how any predicate output is replicated and authorized.,"Main article, Section 8 (with earlier citations where applicable)",Abstract; pre-trained-language-model matching contribution,bibliographic metadata checked against the DOI or official/persistent venue record; the cited contribution was checked at the named source anchor; no exhaustive priority claim,cited in manuscript
thirumuruganathan2021deepblocker,Deep Learning for Blocking in Entity Matching: A Design Space Exploration,Saravanan Thirumuruganathan and Han Li and Nan Tang and Mourad Ouzzani and Yash Govind and Derek Paulsen and Glenn Fung and AnHai Doan,2021,Proceedings of the VLDB Endowment,doi:10.14778/3476249.3476294,entity_resolution_partitioning,Studies learned blocking methods that reduce the candidate-pair space while retaining likely matches for downstream entity matching.,Blocking addresses candidate generation; this project assumes the candidate graph is adequate and explicitly states that omitted relations are outside its repair guarantee.,"Main article, Section 8 (with earlier citations where applicable)",Abstract; deep blocking design-space evaluation,bibliographic metadata checked against the DOI or official/persistent venue record; the cited contribution was checked at the named source anchor; no exhaustive priority claim,cited in manuscript
wagstaff2001constrained,Constrained K-means Clustering with Background Knowledge,"Kiri Wagstaff and Claire Cardie and Seth Rogers and Stefan Schr{\""o}dl",2001,International Conference on Machine Learning,https://dblp.org/rec/conf/icml/WagstaffCRS01,entity_resolution_partitioning,Introduces must-link and cannot-link background constraints for K-means clustering and shows how they alter feasible assignments.,It demonstrates clustering under pair constraints; this project enforces selected negative relations as hard safety constraints while preserving an unknown outcome.,"Main article, Section 8 (with earlier citations where applicable)",Problem formulation; must-link/cannot-link constraints,bibliographic metadata checked against the DOI or official/persistent venue record; the cited contribution was checked at the named source anchor; no exhaustive priority claim,cited in manuscript
ailon2008aggregation,Aggregating Inconsistent Information: Ranking and Clustering,Nir Ailon and Moses Charikar and Alantha Newman,2008,Journal of the ACM,doi:10.1145/1411509.1411513,entity_resolution_partitioning,Studies ranking and clustering from inconsistent pairwise preference or similarity information and gives approximation algorithms.,It optimizes an aggregate answer despite inconsistency; this project prioritizes certificate safety and abstention over a best-effort complete partition.,"Main article, Section 8 (with earlier citations where applicable)",Abstract; inconsistent-information aggregation objectives,bibliographic metadata checked against the DOI or official/persistent venue record; the cited contribution was checked at the named source anchor; no exhaustive priority claim,cited in manuscript
demaine2006weighted,Correlation Clustering in General Weighted Graphs,Erik D. Demaine and Dotan Emanuel and Amos Fiat and Nicole Immorlica,2006,Theoretical Computer Science,doi:10.1016/j.tcs.2006.05.008,entity_resolution_partitioning,"Analyzes weighted correlation clustering on general graphs, where positive and negative edges carry heterogeneous penalties.",Weighted optimization could rank identity hypotheses; this project uses source-slot intervention cost only for explanations and does not claim global clustering optimality.,"Main article, Section 8 (with earlier citations where applicable)",Abstract; weighted correlation-clustering problem and approximations,bibliographic metadata checked against the DOI or official/persistent venue record; the cited contribution was checked at the named source anchor; no exhaustive priority claim,cited in manuscript
kleppmann2017json,A Conflict-Free Replicated {JSON} Datatype,Martin Kleppmann and Alastair R. Beresford,2017,IEEE Transactions on Parallel and Distributed Systems,doi:10.1109/TPDS.2017.2697382,replication_coordination,Defines a compositional conflict-free JSON datatype for concurrently edited nested maps and lists.,It handles mutation of replicated document structure; this project has a flatter immutable-cell semilattice and recomputes identity views outside the replicated state.,"Main article, Section 8 (with earlier citations where applicable)",Abstract; replicated JSON datatype contribution,bibliographic metadata checked against the DOI or official/persistent venue record; the cited contribution was checked at the named source anchor; no exhaustive priority claim,cited in manuscript
gomes2017verifying,Verifying Strong Eventual Consistency in Distributed Systems,Victor B. F. Gomes and Martin Kleppmann and Dominic P. Mulligan and Alastair R. Beresford,2017,Proceedings of the ACM on Programming Languages,doi:10.1145/3133933,replication_coordination,Develops mechanized techniques for proving strong eventual consistency of distributed objects from commutativity and delivery assumptions.,"It provides machine-checked convergence proofs; this artifact supplies a written model, finite exhaustive oracles, and independent checkers but does not claim mechanized verification.","Main article, Section 8 (with earlier citations where applicable)",Abstract; verification method and SEC proof target,bibliographic metadata checked against the DOI or official/persistent venue record; the cited contribution was checked at the named source anchor; no exhaustive priority claim,cited in manuscript
burckhardt2014rdt,"Replicated Data Types: Specification, Verification, Optimality",Sebastian Burckhardt and Alexey Gotsman and Hongseok Yang and Marek Zawirski,2014,ACM SIGPLAN-SIGACT Symposium on Principles of Programming Languages,doi:10.1145/2535838.2535848,replication_coordination,"Gives specifications, correctness criteria, verification techniques, and optimality results for replicated data types.",It establishes a general formal framework for RDT semantics; this project verifies one evidence datatype and does not claim optimal metadata or a universal specification method.,"Main article, Section 8 (with earlier citations where applicable)",Abstract; specification/verification/optimality framework,bibliographic metadata checked against the DOI or official/persistent venue record; the cited contribution was checked at the named source anchor; no exhaustive priority claim,cited in manuscript
terry1995bayou,"Managing Update Conflicts in Bayou, a Weakly Connected Replicated Storage System",Douglas B. Terry and Marvin M. Theimer and Karin Petersen and Alan J. Demers and Mike J. Spreitzer and Carl H. Hauser,1995,Proceedings of the ACM Symposium on Operating Systems Principles,doi:10.1145/224057.224070,replication_coordination,Shows how a weakly connected replicated store accepts disconnected updates and uses application-specific conflict detection and resolution.,Bayou resolves conflicting writes to application records; this project never overwrites source evidence and treats source equivocation as invalid input.,"Main article, Section 8 (with earlier citations where applicable)",Abstract; disconnected updates and conflict-resolution model,bibliographic metadata checked against the DOI or official/persistent venue record; the cited contribution was checked at the named source anchor; no exhaustive priority claim,cited in manuscript
decandia2007dynamo,Dynamo: Amazon's Highly Available Key-value Store,Giuseppe DeCandia and Deniz Hastorun and Madan Jampani and Gunavardhan Kakulapati and Avinash Lakshman and Alex Pilchin and Swaminathan Sivasubramanian and Peter Vosshall and Werner Vogels,2007,Proceedings of the ACM Symposium on Operating Systems Principles,doi:10.1145/1294261.1294281,replication_coordination,"Describes Dynamo’s partitioned key-value architecture, quorum-style availability, versioning, and reconciliation under failures.",Dynamo is a general storage design; this project uses it only to frame availability/resource tradeoffs and provides no production-scale quorum store.,"Main article, Section 8 (with earlier citations where applicable)","Abstract; availability, versioning, and quorum architecture",bibliographic metadata checked against the DOI or official/persistent venue record; the cited contribution was checked at the named source anchor; no exhaustive priority claim,cited in manuscript
lloyd2011cops,Don't Settle for Eventual: Scalable Causal Consistency for Wide-Area Storage with {COPS},Wyatt Lloyd and Michael J. Freedman and Michael Kaminsky and David G. Andersen,2011,Proceedings of the ACM Symposium on Operating Systems Principles,doi:10.1145/2043556.2043593,replication_coordination,"Introduces COPS, which tracks dependencies to provide scalable causal consistency for geo-replicated storage.",COPS preserves causality among client operations; this project has immutable source epochs and does not provide session-level causal consistency.,"Main article, Section 8 (with earlier citations where applicable)",Abstract; dependency tracking and causal-consistency guarantee,bibliographic metadata checked against the DOI or official/persistent venue record; the cited contribution was checked at the named source anchor; no exhaustive priority claim,cited in manuscript
li2012redblue,"Making Geo-Replicated Systems Fast as Possible, Consistent when Necessary",Cheng Li and Daniel Porto and Allen Clement and Johannes Gehrke and Nuno Pregui{\c{c}}a and Rodrigo Rodrigues,2012,10th USENIX Symposium on Operating Systems Design and Implementation,https://www.usenix.org/conference/osdi12/technical-sessions/presentation/li,replication_coordination,Classifies operations as globally ordered red or commutative blue to trade coordination for performance while preserving application invariants.,"This project uses a different split: evidence joins without ordering, whereas positive authorization waits for source closure rather than operation color.","Main article, Section 8 (with earlier citations where applicable)",Official USENIX abstract; RedBlue operation classification,bibliographic metadata checked against the DOI or official/persistent venue record; the cited contribution was checked at the named source anchor; no exhaustive priority claim,cited in manuscript
bailis2014hat,Highly Available Transactions: Virtues and Limitations,Peter Bailis and Aaron Davidson and Alan Fekete and Ali Ghodsi and Joseph M. Hellerstein and Ion Stoica,2013,Proceedings of the VLDB Endowment,doi:10.14778/2732232.2732237,replication_coordination,Characterizes which transactional guarantees are compatible with high availability under network partitions and which require coordination.,It bounds highly available transactions generally; this project offers three-valued identity answers and chooses ambiguity rather than violating its authorization condition.,"Main article, Section 8 (with earlier citations where applicable)",Abstract; HAT feasibility and limitation results,bibliographic metadata checked against the DOI or official/persistent venue record; the cited contribution was checked at the named source anchor; no exhaustive priority claim,cited in manuscript
alvaro2011calm,Consistency Analysis in Bloom: A {CALM} and Collected Approach,Peter Alvaro and Neil Conway and Joseph M. Hellerstein and William R. Marczak,2011,Conference on Innovative Data Systems Research,https://www.cidrdb.org/cidr2011/CIDR2011TOC.html,replication_coordination,Connects logical monotonicity to coordination-free distributed computation and operationalizes the analysis in Bloom.,"The project follows this separation only partially: evidence accumulation is monotone, but closed-world positive authorization intentionally waits for non-monotone closure information.","Main article, Section 8 (with earlier citations where applicable)",Abstract; CALM analysis and Bloom application,bibliographic metadata checked against the DOI or official/persistent venue record; the cited contribution was checked at the named source anchor; no exhaustive priority claim,cited in manuscript
hellerstein2020calm,Keeping {CALM}: When Distributed Consistency Is Easy,Joseph M. Hellerstein and Peter Alvaro,2020,Communications of the ACM,doi:10.1145/3369736,replication_coordination,"Synthesizes the CALM principle: monotone programs admit coordination-free distributed execution, while non-monotone conclusions require coordination or sealing.","This directly frames the design: evidence joins remain monotone, and source sealing supplies the knowledge needed before authorizing a complete positive relation.","Main article, Section 8 (with earlier citations where applicable)",Abstract; monotonicity/coordination synthesis,bibliographic metadata checked against the DOI or official/persistent venue record; the cited contribution was checked at the named source anchor; no exhaustive priority claim,cited in manuscript
akkoorath2016cure,Cure: Strong Semantics Meets High Availability and Low Latency,Deepthi Devaki Akkoorath and Alejandro Z. Tomsic and Manuel Bravo and Zhongmiao Li and Tyler Crain and Annette Bieniusa and Nuno Pregui{\c{c}}a and Marc Shapiro,2016,IEEE International Conference on Distributed Computing Systems,doi:10.1109/ICDCS.2016.98,replication_coordination,"Presents Cure, combining causal consistency with highly available transactions and low latency across data centers.","Cure provides broad transactional and causal semantics; this project provides only immutable evidence ingestion, closure, and decision certificates on one host testbed.","Main article, Section 8 (with earlier citations where applicable)",Abstract; causal-transaction guarantee and evaluation,bibliographic metadata checked against the DOI or official/persistent venue record; the cited contribution was checked at the named source anchor; no exhaustive priority claim,cited in manuscript
gilbert2002brewer,"Brewer's Conjecture and the Feasibility of Consistent, Available, Partition-Tolerant Web Services",Seth Gilbert and Nancy Lynch,2002,ACM SIGACT News,doi:10.1145/564585.564601,replication_coordination,Formalizes the impossibility of simultaneously providing atomic consistency and availability in an asynchronous partition-prone system.,The project does not evade the tradeoff: during missing evidence it remains available by returning ambiguous instead of a strong identity authorization.,"Main article, Section 8 (with earlier citations where applicable)",Theorem statement and Web-service interpretation,bibliographic metadata checked against the DOI or official/persistent venue record; the cited contribution was checked at the named source anchor; no exhaustive priority claim,cited in manuscript
green2007semirings,Provenance Semirings,Todd J. Green and Grigoris Karvounarakis and Val Tannen,2007,ACM Symposium on Principles of Database Systems,doi:10.1145/1265530.1265535,provenance_explanation,"Introduces provenance semirings, representing how output tuples depend algebraically on input tuples across positive relational queries.",This project exposes selected evidence cells and paths but does not compute semiring polynomials or support arbitrary query rewrites.,"Main article, Section 8 (with earlier citations where applicable)",Abstract; semiring provenance construction,bibliographic metadata checked against the DOI or official/persistent venue record; the cited contribution was checked at the named source anchor; no exhaustive priority claim,cited in manuscript
cui2003lineage,Lineage Tracing for General Data Warehouse Transformations,Yingwei Cui and Jennifer Widom,2003,The VLDB Journal,doi:10.1007/s00778-002-0083-8,provenance_explanation,Develops lineage tracing for general data-warehouse transformations so output data can be traced back through transformation steps.,Its lineage concerns warehouse transformations; this project traces an identity decision through selected relations and immutable source cells.,"Main article, Section 8 (with earlier citations where applicable)",Abstract; lineage-tracing problem and method,bibliographic metadata checked against the DOI or official/persistent venue record; the cited contribution was checked at the named source anchor; no exhaustive priority claim,cited in manuscript
chapman2009whynot,Why Not?,Adriane Chapman and H. V. Jagadish,2009,Proceedings of the ACM SIGMOD International Conference on Management of Data,doi:10.1145/1559845.1559901,provenance_explanation,Introduces explanations for missing query results by identifying query operators and conditions that prevent expected tuples from appearing.,"The ambiguity certificate is a narrower why-not explanation: it identifies missing source slots needed for an admissible positive path, not arbitrary query edits.","Main article, Section 8 (with earlier citations where applicable)",Abstract; missing-answer explanation model,bibliographic metadata checked against the DOI or official/persistent venue record; the cited contribution was checked at the named source anchor; no exhaustive priority claim,cited in manuscript
chockler2004responsibility,Responsibility and Blame: A Structural-Model Approach,Hana Chockler and Joseph Y. Halpern,2004,Journal of Artificial Intelligence Research,doi:10.1613/JAIR.1391,provenance_explanation,"Defines causality, responsibility, and blame in structural models, quantifying how pivotal a variable is to an outcome.",This project borrows intervention language only for source-slot cost; it does not claim philosophical or probabilistic responsibility for observations.,"Main article, Section 8 (with earlier citations where applicable)",Abstract; causality/responsibility/blame definitions,bibliographic metadata checked against the DOI or official/persistent venue record; the cited contribution was checked at the named source anchor; no exhaustive priority claim,cited in manuscript
meliou2010causality,The Complexity of Causality and Responsibility for Query Answers and Non-Answers,Alexandra Meliou and Wolfgang Gatterbauer and Katherine F. Moore and Dan Suciu,2010,Proceedings of the VLDB Endowment,doi:10.14778/1880172.1880176,provenance_explanation,Analyzes causality and responsibility for database answers and non-answers and establishes complexity results for computing explanations.,It motivates separating explanation correctness from generation; this project solves only a bounded graph instance with exhaustive checking.,"Main article, Section 8 (with earlier citations where applicable)",Abstract; query-answer/non-answer causality and complexity results,bibliographic metadata checked against the DOI or official/persistent venue record; the cited contribution was checked at the named source anchor; no exhaustive priority claim,cited in manuscript
glavic2009perm,{Perm}: Processing Provenance and Data on the Same Data Model through Query Rewriting,Boris Glavic and Gustavo Alonso,2009,IEEE International Conference on Data Engineering,doi:10.1109/ICDE.2009.15,provenance_explanation,"Presents Perm, which computes provenance and query results in the same relational model through query rewriting.",Perm integrates general provenance into a DBMS; this artifact serializes a narrower certificate and verifies it with an independent standalone checker.,"Main article, Section 8 (with earlier citations where applicable)",Abstract; query-rewriting provenance architecture,bibliographic metadata checked against the DOI or official/persistent venue record; the cited contribution was checked at the named source anchor; no exhaustive priority claim,cited in manuscript
kohler2013games,First-Order Provenance Games,"Sven K{\""o}hler and Bertram Lud{\""a}scher and Daniel Zinn",2013,In Search of Elegance in the Theory and Practice of Computation,doi:10.1007/978-3-642-41660-6_20,provenance_explanation,Uses first-order provenance games to give unified game-based explanations for query answers and non-answers.,Its game semantics are more expressive; this project emits deterministic path-and-cell certificates specialized to three-valued service identity.,"Main article, Section 8 (with earlier citations where applicable)",Abstract; provenance-game explanation framework,bibliographic metadata checked against the DOI or official/persistent venue record; the cited contribution was checked at the named source anchor; no exhaustive priority claim,cited in manuscript
filasto2012ooni,OONI: Open Observatory of Network Interference,Arturo Filastò and Jacob Appelbaum,2012,2nd USENIX Workshop on Free and Open Communications on the Internet (FOCI 12),https://www.usenix.org/conference/foci12/workshop-program/presentation/filast%C3%B2,web_measurement,"Introduces OONI’s open probe/control methodology, software, and data for measuring network interference from distributed vantage points.","This project reuses public OONI fixture records only to calibrate exact target equality; it does not infer censorship, operator identity, or Internet-wide error rates.","Main article, Section 8 (with earlier citations where applicable)",Official USENIX workshop abstract; probe/control measurement design,bibliographic metadata checked against the DOI or official/persistent venue record; the cited contribution was checked at the named source anchor; no exhaustive priority claim,cited in manuscript
weidner2025fugue,The Art of the Fugue: Minimizing Interleaving in Collaborative Text Editing,Matthew Weidner and Martin Kleppmann,2025,IEEE Transactions on Parallel and Distributed Systems,doi:10.1109/TPDS.2025.3611880,replication_coordination,Distinguishes convergence of replicated lists from a separately specified non-interleaving property; motivates specifying application semantics beyond a convergent state.,"Fugue and FugueMax preserve text-list order; this project gates identity relations by complete source vectors and selected negative constraints, not character-order semantics.","Main article, Section 8 (with earlier citations where applicable)","Author publication page; paper Introduction and Section V, Definition 4; Section VI","bibliographic metadata checked against author publication page and arXiv journal reference; source anchor read in author full text (Introduction, Section V Definition 4); 2026-09-23; no exhaustive priority claim",cited in manuscript
