family,handles,seed,relations,cells,negative_edges,accepted,rejected,components,reference_seconds,indexed_seconds,reference_over_indexed,repetitions,view_equal
sparse_cut,64,1,319,957,1,62,256,2,0.002820246,0.002229443,1.2650002713682298,5,True
sparse_cut,64,2,319,957,1,62,256,2,0.002551443,0.002033997,1.2543986053076774,5,True
sparse_cut,64,3,319,957,1,62,256,2,0.002736923,0.002052705,1.3333250515782833,5,True
sparse_cut,64,4,319,957,1,62,256,2,0.002843539,0.002212525,1.28520084518819,5,True
sparse_cut,64,5,319,957,1,62,256,2,0.003280038,0.00220921,1.484710824231286,5,True
sparse_cut,128,1,639,1917,1,126,512,2,0.006074736,0.003911052,1.553223020302466,5,True
sparse_cut,128,2,639,1917,1,126,512,2,0.0062936,0.004180572,1.505439925445609,5,True
sparse_cut,128,3,639,1917,1,126,512,2,0.006510393,0.004922676,1.322531281766259,5,True
sparse_cut,128,4,639,1917,1,126,512,2,0.007050923,0.005120662,1.3769553624121256,5,True
sparse_cut,128,5,639,1917,1,126,512,2,0.008125142,0.005185847,1.5667916928517174,5,True
sparse_cut,256,1,1279,3837,1,254,1024,2,0.024635115,0.010006084,2.462013610919117,5,True
sparse_cut,256,2,1279,3837,1,254,1024,2,0.018363228,0.009452842,1.9426145068329714,5,True
sparse_cut,256,3,1279,3837,1,254,1024,2,0.020825943,0.009825249,2.119635135964493,5,True
sparse_cut,256,4,1279,3837,1,254,1024,2,0.023695307,0.010684787,2.217667698944303,5,True
sparse_cut,256,5,1279,3837,1,254,1024,2,0.018579844,0.009640218,1.9273261247826554,5,True
sparse_cut,512,1,2559,7677,1,510,2048,2,0.056577966,0.020175861,2.804240473306195,5,True
sparse_cut,512,2,2559,7677,1,510,2048,2,0.057200869,0.021036592,2.719112915247869,5,True
sparse_cut,512,3,2559,7677,1,510,2048,2,0.059810777,0.022414371,2.6684120201276227,5,True
sparse_cut,512,4,2559,7677,1,510,2048,2,0.054616026,0.020331467,2.686280630905778,5,True
sparse_cut,512,5,2559,7677,1,510,2048,2,0.066949455,0.022478933,2.978319967411265,5,True
dense_cut,64,1,575,1725,257,62,256,2,0.003823374,0.004268726,0.8956709800535336,5,True
dense_cut,64,2,575,1725,257,62,256,2,0.003658386,0.003602787,1.0154322195566932,5,True
dense_cut,64,3,575,1725,257,62,256,2,0.003797446,0.004148619,0.9153518315371935,5,True
dense_cut,64,4,575,1725,257,62,256,2,0.003379753,0.00375149,0.9009095052898981,5,True
dense_cut,64,5,575,1725,257,62,256,2,0.003577601,0.003430213,1.0429675941406553,5,True
dense_cut,128,1,1151,3453,513,126,512,2,0.01042114,0.009272752,1.1238454344513904,5,True
dense_cut,128,2,1151,3453,513,126,512,2,0.009171938,0.008183296,1.1208122008540324,5,True
dense_cut,128,3,1151,3453,513,126,512,2,0.009897001,0.00865753,1.1431668154773937,5,True
dense_cut,128,4,1151,3453,513,126,512,2,0.008264789,0.008641746,0.9563795325620539,5,True
dense_cut,128,5,1151,3453,513,126,512,2,0.00836283,0.0079302,1.0545547401074373,5,True
dense_cut,256,1,2303,6909,1025,254,1024,2,0.015370532,0.015157428,1.0140593773561055,5,True
dense_cut,256,2,2303,6909,1025,254,1024,2,0.017418389,0.016524935,1.0540670205359355,5,True
dense_cut,256,3,2303,6909,1025,254,1024,2,0.017307719,0.017469173,0.9907577765701902,5,True
dense_cut,256,4,2303,6909,1025,254,1024,2,0.01644553,0.016135081,1.0192406223433277,5,True
dense_cut,256,5,2303,6909,1025,254,1024,2,0.016166256,0.015366554,1.0520417264664543,5,True
dense_cut,512,1,4607,13821,2049,510,2048,2,0.038324701,0.038983725,0.9830948940872122,5,True
dense_cut,512,2,4607,13821,2049,510,2048,2,0.036114752,0.047147121,0.7660012156415659,5,True
dense_cut,512,3,4607,13821,2049,510,2048,2,0.033296496,0.033619536,0.9903913010578136,5,True
dense_cut,512,4,4607,13821,2049,510,2048,2,0.03575241,0.037486329,0.9537452973856149,5,True
dense_cut,512,5,4607,13821,2049,510,2048,2,0.051821488,0.041330238,1.253839573824859,5,True
low_conflict,64,1,126,378,0,126,0,1,0.001106161,0.000998321,1.108021367876665,5,True
low_conflict,64,2,124,372,0,124,0,1,0.000801761,0.000791142,1.0134223691827764,5,True
low_conflict,64,3,122,366,0,122,0,1,0.000749332,0.000832601,0.8999893106061607,5,True
low_conflict,64,4,127,381,0,127,0,1,0.000849097,0.000908707,0.9344012976680052,5,True
low_conflict,64,5,124,372,0,124,0,1,0.000963419,0.00108795,0.8855361000045957,5,True
low_conflict,128,1,251,753,0,251,0,1,0.001585,0.001641265,0.9657185159008448,5,True
low_conflict,128,2,253,759,0,253,0,1,0.00187188,0.001778924,1.0522540591953338,5,True
low_conflict,128,3,250,750,0,250,0,1,0.001567486,0.001509119,1.0386762077742049,5,True
low_conflict,128,4,253,759,0,253,0,1,0.001790053,0.001646027,1.0874991722493008,5,True
low_conflict,128,5,251,753,0,251,0,1,0.001538203,0.001624028,0.9471530047511496,5,True
low_conflict,256,1,508,1524,0,508,0,1,0.003326241,0.00319254,1.0418791933695428,5,True
low_conflict,256,2,509,1527,0,509,0,1,0.006888302,0.007848022,0.8777118616639964,5,True
low_conflict,256,3,509,1527,0,509,0,1,0.003419779,0.003236103,1.056758391188414,5,True
low_conflict,256,4,508,1524,0,508,0,1,0.003259944,0.003539614,0.9209885597695116,5,True
low_conflict,256,5,510,1530,0,510,0,1,0.003464348,0.003469154,0.9986146478363312,5,True
low_conflict,512,1,1022,3066,0,1022,0,1,0.008340352,0.007706735,1.0822160097628892,5,True
low_conflict,512,2,1021,3063,0,1021,0,1,0.008976265,0.008525895,1.0528237797908606,5,True
low_conflict,512,3,1021,3063,0,1021,0,1,0.008316916,0.008543685,0.9734577058962263,5,True
low_conflict,512,4,1020,3060,0,1020,0,1,0.007398914,0.007431775,0.9955783106996647,5,True
low_conflict,512,5,1022,3066,0,1022,0,1,0.007100962,0.008056973,0.8813436510212954,5,True
