family,handles,cases,reference_median_ms,indexed_median_ms,paired_speedup_median,paired_speedup_min,paired_speedup_max
sparse_cut,64,5,2.820246,2.20921,1.28520084518819,1.2543986053076774,1.484710824231286
sparse_cut,128,5,6.510393,4.922676,1.505439925445609,1.322531281766259,1.5667916928517174
sparse_cut,256,5,20.825943,9.825249,2.119635135964493,1.9273261247826554,2.462013610919117
sparse_cut,512,5,57.200869000000004,21.036592,2.719112915247869,2.6684120201276227,2.978319967411265
dense_cut,64,5,3.658386,3.75149,0.9153518315371935,0.8956709800535336,1.0429675941406553
dense_cut,128,5,9.171937999999999,8.641746000000001,1.1208122008540324,0.9563795325620539,1.1431668154773937
dense_cut,256,5,16.44553,16.135081,1.0192406223433277,0.9907577765701902,1.0540670205359355
dense_cut,512,5,36.114752,38.983725,0.9830948940872122,0.7660012156415659,1.253839573824859
low_conflict,64,5,0.849097,0.908707,0.9344012976680052,0.8855361000045957,1.108021367876665
low_conflict,128,5,1.585,1.641265,1.0386762077742049,0.9471530047511496,1.0874991722493008
low_conflict,256,5,3.419779,3.469154,0.9986146478363312,0.8777118616639964,1.056758391188414
low_conflict,512,5,8.316916,8.056973000000001,0.9955783106996647,0.8813436510212954,1.0822160097628892
