partition,blocks,components,central,quorum,central_responding_sites,quorum_responding_sites,peer_responding_sites,query_sites
0,"0,1,2,3|4",2,0,"0,1,2",4,4,5,5
0,"0,1,2,3|4",2,0,"0,1,3",4,4,5,5
0,"0,1,2,3|4",2,0,"0,1,4",4,4,5,5
0,"0,1,2,3|4",2,0,"0,2,3",4,4,5,5
0,"0,1,2,3|4",2,0,"0,2,4",4,4,5,5
0,"0,1,2,3|4",2,0,"0,3,4",4,4,5,5
0,"0,1,2,3|4",2,0,"1,2,3",4,4,5,5
0,"0,1,2,3|4",2,0,"1,2,4",4,4,5,5
0,"0,1,2,3|4",2,0,"1,3,4",4,4,5,5
0,"0,1,2,3|4",2,0,"2,3,4",4,4,5,5
0,"0,1,2,3|4",2,1,"0,1,2",4,4,5,5
0,"0,1,2,3|4",2,1,"0,1,3",4,4,5,5
0,"0,1,2,3|4",2,1,"0,1,4",4,4,5,5
0,"0,1,2,3|4",2,1,"0,2,3",4,4,5,5
0,"0,1,2,3|4",2,1,"0,2,4",4,4,5,5
0,"0,1,2,3|4",2,1,"0,3,4",4,4,5,5
0,"0,1,2,3|4",2,1,"1,2,3",4,4,5,5
0,"0,1,2,3|4",2,1,"1,2,4",4,4,5,5
0,"0,1,2,3|4",2,1,"1,3,4",4,4,5,5
0,"0,1,2,3|4",2,1,"2,3,4",4,4,5,5
0,"0,1,2,3|4",2,2,"0,1,2",4,4,5,5
0,"0,1,2,3|4",2,2,"0,1,3",4,4,5,5
0,"0,1,2,3|4",2,2,"0,1,4",4,4,5,5
0,"0,1,2,3|4",2,2,"0,2,3",4,4,5,5
0,"0,1,2,3|4",2,2,"0,2,4",4,4,5,5
0,"0,1,2,3|4",2,2,"0,3,4",4,4,5,5
0,"0,1,2,3|4",2,2,"1,2,3",4,4,5,5
0,"0,1,2,3|4",2,2,"1,2,4",4,4,5,5
0,"0,1,2,3|4",2,2,"1,3,4",4,4,5,5
0,"0,1,2,3|4",2,2,"2,3,4",4,4,5,5
0,"0,1,2,3|4",2,3,"0,1,2",4,4,5,5
0,"0,1,2,3|4",2,3,"0,1,3",4,4,5,5
0,"0,1,2,3|4",2,3,"0,1,4",4,4,5,5
0,"0,1,2,3|4",2,3,"0,2,3",4,4,5,5
0,"0,1,2,3|4",2,3,"0,2,4",4,4,5,5
0,"0,1,2,3|4",2,3,"0,3,4",4,4,5,5
0,"0,1,2,3|4",2,3,"1,2,3",4,4,5,5
0,"0,1,2,3|4",2,3,"1,2,4",4,4,5,5
0,"0,1,2,3|4",2,3,"1,3,4",4,4,5,5
0,"0,1,2,3|4",2,3,"2,3,4",4,4,5,5
0,"0,1,2,3|4",2,4,"0,1,2",1,4,5,5
0,"0,1,2,3|4",2,4,"0,1,3",1,4,5,5
0,"0,1,2,3|4",2,4,"0,1,4",1,4,5,5
0,"0,1,2,3|4",2,4,"0,2,3",1,4,5,5
0,"0,1,2,3|4",2,4,"0,2,4",1,4,5,5
0,"0,1,2,3|4",2,4,"0,3,4",1,4,5,5
0,"0,1,2,3|4",2,4,"1,2,3",1,4,5,5
0,"0,1,2,3|4",2,4,"1,2,4",1,4,5,5
0,"0,1,2,3|4",2,4,"1,3,4",1,4,5,5
0,"0,1,2,3|4",2,4,"2,3,4",1,4,5,5
1,"0,1,2,4|3",2,0,"0,1,2",4,4,5,5
1,"0,1,2,4|3",2,0,"0,1,3",4,4,5,5
1,"0,1,2,4|3",2,0,"0,1,4",4,4,5,5
1,"0,1,2,4|3",2,0,"0,2,3",4,4,5,5
1,"0,1,2,4|3",2,0,"0,2,4",4,4,5,5
1,"0,1,2,4|3",2,0,"0,3,4",4,4,5,5
1,"0,1,2,4|3",2,0,"1,2,3",4,4,5,5
1,"0,1,2,4|3",2,0,"1,2,4",4,4,5,5
1,"0,1,2,4|3",2,0,"1,3,4",4,4,5,5
1,"0,1,2,4|3",2,0,"2,3,4",4,4,5,5
1,"0,1,2,4|3",2,1,"0,1,2",4,4,5,5
1,"0,1,2,4|3",2,1,"0,1,3",4,4,5,5
1,"0,1,2,4|3",2,1,"0,1,4",4,4,5,5
1,"0,1,2,4|3",2,1,"0,2,3",4,4,5,5
1,"0,1,2,4|3",2,1,"0,2,4",4,4,5,5
1,"0,1,2,4|3",2,1,"0,3,4",4,4,5,5
1,"0,1,2,4|3",2,1,"1,2,3",4,4,5,5
1,"0,1,2,4|3",2,1,"1,2,4",4,4,5,5
1,"0,1,2,4|3",2,1,"1,3,4",4,4,5,5
1,"0,1,2,4|3",2,1,"2,3,4",4,4,5,5
1,"0,1,2,4|3",2,2,"0,1,2",4,4,5,5
1,"0,1,2,4|3",2,2,"0,1,3",4,4,5,5
1,"0,1,2,4|3",2,2,"0,1,4",4,4,5,5
1,"0,1,2,4|3",2,2,"0,2,3",4,4,5,5
1,"0,1,2,4|3",2,2,"0,2,4",4,4,5,5
1,"0,1,2,4|3",2,2,"0,3,4",4,4,5,5
1,"0,1,2,4|3",2,2,"1,2,3",4,4,5,5
1,"0,1,2,4|3",2,2,"1,2,4",4,4,5,5
1,"0,1,2,4|3",2,2,"1,3,4",4,4,5,5
1,"0,1,2,4|3",2,2,"2,3,4",4,4,5,5
1,"0,1,2,4|3",2,3,"0,1,2",1,4,5,5
1,"0,1,2,4|3",2,3,"0,1,3",1,4,5,5
1,"0,1,2,4|3",2,3,"0,1,4",1,4,5,5
1,"0,1,2,4|3",2,3,"0,2,3",1,4,5,5
1,"0,1,2,4|3",2,3,"0,2,4",1,4,5,5
1,"0,1,2,4|3",2,3,"0,3,4",1,4,5,5
1,"0,1,2,4|3",2,3,"1,2,3",1,4,5,5
1,"0,1,2,4|3",2,3,"1,2,4",1,4,5,5
1,"0,1,2,4|3",2,3,"1,3,4",1,4,5,5
1,"0,1,2,4|3",2,3,"2,3,4",1,4,5,5
1,"0,1,2,4|3",2,4,"0,1,2",4,4,5,5
1,"0,1,2,4|3",2,4,"0,1,3",4,4,5,5
1,"0,1,2,4|3",2,4,"0,1,4",4,4,5,5
1,"0,1,2,4|3",2,4,"0,2,3",4,4,5,5
1,"0,1,2,4|3",2,4,"0,2,4",4,4,5,5
1,"0,1,2,4|3",2,4,"0,3,4",4,4,5,5
1,"0,1,2,4|3",2,4,"1,2,3",4,4,5,5
1,"0,1,2,4|3",2,4,"1,2,4",4,4,5,5
1,"0,1,2,4|3",2,4,"1,3,4",4,4,5,5
1,"0,1,2,4|3",2,4,"2,3,4",4,4,5,5
2,"0,1,2|3,4",2,0,"0,1,2",3,3,5,5
2,"0,1,2|3,4",2,0,"0,1,3",3,3,5,5
2,"0,1,2|3,4",2,0,"0,1,4",3,3,5,5
2,"0,1,2|3,4",2,0,"0,2,3",3,3,5,5
2,"0,1,2|3,4",2,0,"0,2,4",3,3,5,5
2,"0,1,2|3,4",2,0,"0,3,4",3,2,5,5
2,"0,1,2|3,4",2,0,"1,2,3",3,3,5,5
2,"0,1,2|3,4",2,0,"1,2,4",3,3,5,5
2,"0,1,2|3,4",2,0,"1,3,4",3,2,5,5
2,"0,1,2|3,4",2,0,"2,3,4",3,2,5,5
2,"0,1,2|3,4",2,1,"0,1,2",3,3,5,5
2,"0,1,2|3,4",2,1,"0,1,3",3,3,5,5
2,"0,1,2|3,4",2,1,"0,1,4",3,3,5,5
2,"0,1,2|3,4",2,1,"0,2,3",3,3,5,5
2,"0,1,2|3,4",2,1,"0,2,4",3,3,5,5
2,"0,1,2|3,4",2,1,"0,3,4",3,2,5,5
2,"0,1,2|3,4",2,1,"1,2,3",3,3,5,5
2,"0,1,2|3,4",2,1,"1,2,4",3,3,5,5
2,"0,1,2|3,4",2,1,"1,3,4",3,2,5,5
2,"0,1,2|3,4",2,1,"2,3,4",3,2,5,5
2,"0,1,2|3,4",2,2,"0,1,2",3,3,5,5
2,"0,1,2|3,4",2,2,"0,1,3",3,3,5,5
2,"0,1,2|3,4",2,2,"0,1,4",3,3,5,5
2,"0,1,2|3,4",2,2,"0,2,3",3,3,5,5
2,"0,1,2|3,4",2,2,"0,2,4",3,3,5,5
2,"0,1,2|3,4",2,2,"0,3,4",3,2,5,5
2,"0,1,2|3,4",2,2,"1,2,3",3,3,5,5
2,"0,1,2|3,4",2,2,"1,2,4",3,3,5,5
2,"0,1,2|3,4",2,2,"1,3,4",3,2,5,5
2,"0,1,2|3,4",2,2,"2,3,4",3,2,5,5
2,"0,1,2|3,4",2,3,"0,1,2",2,3,5,5
2,"0,1,2|3,4",2,3,"0,1,3",2,3,5,5
2,"0,1,2|3,4",2,3,"0,1,4",2,3,5,5
2,"0,1,2|3,4",2,3,"0,2,3",2,3,5,5
2,"0,1,2|3,4",2,3,"0,2,4",2,3,5,5
2,"0,1,2|3,4",2,3,"0,3,4",2,2,5,5
2,"0,1,2|3,4",2,3,"1,2,3",2,3,5,5
2,"0,1,2|3,4",2,3,"1,2,4",2,3,5,5
2,"0,1,2|3,4",2,3,"1,3,4",2,2,5,5
2,"0,1,2|3,4",2,3,"2,3,4",2,2,5,5
2,"0,1,2|3,4",2,4,"0,1,2",2,3,5,5
2,"0,1,2|3,4",2,4,"0,1,3",2,3,5,5
2,"0,1,2|3,4",2,4,"0,1,4",2,3,5,5
2,"0,1,2|3,4",2,4,"0,2,3",2,3,5,5
2,"0,1,2|3,4",2,4,"0,2,4",2,3,5,5
2,"0,1,2|3,4",2,4,"0,3,4",2,2,5,5
2,"0,1,2|3,4",2,4,"1,2,3",2,3,5,5
2,"0,1,2|3,4",2,4,"1,2,4",2,3,5,5
2,"0,1,2|3,4",2,4,"1,3,4",2,2,5,5
2,"0,1,2|3,4",2,4,"2,3,4",2,2,5,5
3,"0,1,2|3|4",3,0,"0,1,2",3,3,5,5
3,"0,1,2|3|4",3,0,"0,1,3",3,3,5,5
3,"0,1,2|3|4",3,0,"0,1,4",3,3,5,5
3,"0,1,2|3|4",3,0,"0,2,3",3,3,5,5
3,"0,1,2|3|4",3,0,"0,2,4",3,3,5,5
3,"0,1,2|3|4",3,0,"0,3,4",3,0,5,5
3,"0,1,2|3|4",3,0,"1,2,3",3,3,5,5
3,"0,1,2|3|4",3,0,"1,2,4",3,3,5,5
3,"0,1,2|3|4",3,0,"1,3,4",3,0,5,5
3,"0,1,2|3|4",3,0,"2,3,4",3,0,5,5
3,"0,1,2|3|4",3,1,"0,1,2",3,3,5,5
3,"0,1,2|3|4",3,1,"0,1,3",3,3,5,5
3,"0,1,2|3|4",3,1,"0,1,4",3,3,5,5
3,"0,1,2|3|4",3,1,"0,2,3",3,3,5,5
3,"0,1,2|3|4",3,1,"0,2,4",3,3,5,5
3,"0,1,2|3|4",3,1,"0,3,4",3,0,5,5
3,"0,1,2|3|4",3,1,"1,2,3",3,3,5,5
3,"0,1,2|3|4",3,1,"1,2,4",3,3,5,5
3,"0,1,2|3|4",3,1,"1,3,4",3,0,5,5
3,"0,1,2|3|4",3,1,"2,3,4",3,0,5,5
3,"0,1,2|3|4",3,2,"0,1,2",3,3,5,5
3,"0,1,2|3|4",3,2,"0,1,3",3,3,5,5
3,"0,1,2|3|4",3,2,"0,1,4",3,3,5,5
3,"0,1,2|3|4",3,2,"0,2,3",3,3,5,5
3,"0,1,2|3|4",3,2,"0,2,4",3,3,5,5
3,"0,1,2|3|4",3,2,"0,3,4",3,0,5,5
3,"0,1,2|3|4",3,2,"1,2,3",3,3,5,5
3,"0,1,2|3|4",3,2,"1,2,4",3,3,5,5
3,"0,1,2|3|4",3,2,"1,3,4",3,0,5,5
3,"0,1,2|3|4",3,2,"2,3,4",3,0,5,5
3,"0,1,2|3|4",3,3,"0,1,2",1,3,5,5
3,"0,1,2|3|4",3,3,"0,1,3",1,3,5,5
3,"0,1,2|3|4",3,3,"0,1,4",1,3,5,5
3,"0,1,2|3|4",3,3,"0,2,3",1,3,5,5
3,"0,1,2|3|4",3,3,"0,2,4",1,3,5,5
3,"0,1,2|3|4",3,3,"0,3,4",1,0,5,5
3,"0,1,2|3|4",3,3,"1,2,3",1,3,5,5
3,"0,1,2|3|4",3,3,"1,2,4",1,3,5,5
3,"0,1,2|3|4",3,3,"1,3,4",1,0,5,5
3,"0,1,2|3|4",3,3,"2,3,4",1,0,5,5
3,"0,1,2|3|4",3,4,"0,1,2",1,3,5,5
3,"0,1,2|3|4",3,4,"0,1,3",1,3,5,5
3,"0,1,2|3|4",3,4,"0,1,4",1,3,5,5
3,"0,1,2|3|4",3,4,"0,2,3",1,3,5,5
3,"0,1,2|3|4",3,4,"0,2,4",1,3,5,5
3,"0,1,2|3|4",3,4,"0,3,4",1,0,5,5
3,"0,1,2|3|4",3,4,"1,2,3",1,3,5,5
3,"0,1,2|3|4",3,4,"1,2,4",1,3,5,5
3,"0,1,2|3|4",3,4,"1,3,4",1,0,5,5
3,"0,1,2|3|4",3,4,"2,3,4",1,0,5,5
4,"0,1,3,4|2",2,0,"0,1,2",4,4,5,5
4,"0,1,3,4|2",2,0,"0,1,3",4,4,5,5
4,"0,1,3,4|2",2,0,"0,1,4",4,4,5,5
4,"0,1,3,4|2",2,0,"0,2,3",4,4,5,5
4,"0,1,3,4|2",2,0,"0,2,4",4,4,5,5
4,"0,1,3,4|2",2,0,"0,3,4",4,4,5,5
4,"0,1,3,4|2",2,0,"1,2,3",4,4,5,5
4,"0,1,3,4|2",2,0,"1,2,4",4,4,5,5
4,"0,1,3,4|2",2,0,"1,3,4",4,4,5,5
4,"0,1,3,4|2",2,0,"2,3,4",4,4,5,5
4,"0,1,3,4|2",2,1,"0,1,2",4,4,5,5
4,"0,1,3,4|2",2,1,"0,1,3",4,4,5,5
4,"0,1,3,4|2",2,1,"0,1,4",4,4,5,5
4,"0,1,3,4|2",2,1,"0,2,3",4,4,5,5
4,"0,1,3,4|2",2,1,"0,2,4",4,4,5,5
4,"0,1,3,4|2",2,1,"0,3,4",4,4,5,5
4,"0,1,3,4|2",2,1,"1,2,3",4,4,5,5
4,"0,1,3,4|2",2,1,"1,2,4",4,4,5,5
4,"0,1,3,4|2",2,1,"1,3,4",4,4,5,5
4,"0,1,3,4|2",2,1,"2,3,4",4,4,5,5
4,"0,1,3,4|2",2,2,"0,1,2",1,4,5,5
4,"0,1,3,4|2",2,2,"0,1,3",1,4,5,5
4,"0,1,3,4|2",2,2,"0,1,4",1,4,5,5
4,"0,1,3,4|2",2,2,"0,2,3",1,4,5,5
4,"0,1,3,4|2",2,2,"0,2,4",1,4,5,5
4,"0,1,3,4|2",2,2,"0,3,4",1,4,5,5
4,"0,1,3,4|2",2,2,"1,2,3",1,4,5,5
4,"0,1,3,4|2",2,2,"1,2,4",1,4,5,5
4,"0,1,3,4|2",2,2,"1,3,4",1,4,5,5
4,"0,1,3,4|2",2,2,"2,3,4",1,4,5,5
4,"0,1,3,4|2",2,3,"0,1,2",4,4,5,5
4,"0,1,3,4|2",2,3,"0,1,3",4,4,5,5
4,"0,1,3,4|2",2,3,"0,1,4",4,4,5,5
4,"0,1,3,4|2",2,3,"0,2,3",4,4,5,5
4,"0,1,3,4|2",2,3,"0,2,4",4,4,5,5
4,"0,1,3,4|2",2,3,"0,3,4",4,4,5,5
4,"0,1,3,4|2",2,3,"1,2,3",4,4,5,5
4,"0,1,3,4|2",2,3,"1,2,4",4,4,5,5
4,"0,1,3,4|2",2,3,"1,3,4",4,4,5,5
4,"0,1,3,4|2",2,3,"2,3,4",4,4,5,5
4,"0,1,3,4|2",2,4,"0,1,2",4,4,5,5
4,"0,1,3,4|2",2,4,"0,1,3",4,4,5,5
4,"0,1,3,4|2",2,4,"0,1,4",4,4,5,5
4,"0,1,3,4|2",2,4,"0,2,3",4,4,5,5
4,"0,1,3,4|2",2,4,"0,2,4",4,4,5,5
4,"0,1,3,4|2",2,4,"0,3,4",4,4,5,5
4,"0,1,3,4|2",2,4,"1,2,3",4,4,5,5
4,"0,1,3,4|2",2,4,"1,2,4",4,4,5,5
4,"0,1,3,4|2",2,4,"1,3,4",4,4,5,5
4,"0,1,3,4|2",2,4,"2,3,4",4,4,5,5
5,"0,1,3|2,4",2,0,"0,1,2",3,3,5,5
5,"0,1,3|2,4",2,0,"0,1,3",3,3,5,5
5,"0,1,3|2,4",2,0,"0,1,4",3,3,5,5
5,"0,1,3|2,4",2,0,"0,2,3",3,3,5,5
5,"0,1,3|2,4",2,0,"0,2,4",3,2,5,5
5,"0,1,3|2,4",2,0,"0,3,4",3,3,5,5
5,"0,1,3|2,4",2,0,"1,2,3",3,3,5,5
5,"0,1,3|2,4",2,0,"1,2,4",3,2,5,5
5,"0,1,3|2,4",2,0,"1,3,4",3,3,5,5
5,"0,1,3|2,4",2,0,"2,3,4",3,2,5,5
5,"0,1,3|2,4",2,1,"0,1,2",3,3,5,5
5,"0,1,3|2,4",2,1,"0,1,3",3,3,5,5
5,"0,1,3|2,4",2,1,"0,1,4",3,3,5,5
5,"0,1,3|2,4",2,1,"0,2,3",3,3,5,5
5,"0,1,3|2,4",2,1,"0,2,4",3,2,5,5
5,"0,1,3|2,4",2,1,"0,3,4",3,3,5,5
5,"0,1,3|2,4",2,1,"1,2,3",3,3,5,5
5,"0,1,3|2,4",2,1,"1,2,4",3,2,5,5
5,"0,1,3|2,4",2,1,"1,3,4",3,3,5,5
5,"0,1,3|2,4",2,1,"2,3,4",3,2,5,5
5,"0,1,3|2,4",2,2,"0,1,2",2,3,5,5
5,"0,1,3|2,4",2,2,"0,1,3",2,3,5,5
5,"0,1,3|2,4",2,2,"0,1,4",2,3,5,5
5,"0,1,3|2,4",2,2,"0,2,3",2,3,5,5
5,"0,1,3|2,4",2,2,"0,2,4",2,2,5,5
5,"0,1,3|2,4",2,2,"0,3,4",2,3,5,5
5,"0,1,3|2,4",2,2,"1,2,3",2,3,5,5
5,"0,1,3|2,4",2,2,"1,2,4",2,2,5,5
5,"0,1,3|2,4",2,2,"1,3,4",2,3,5,5
5,"0,1,3|2,4",2,2,"2,3,4",2,2,5,5
5,"0,1,3|2,4",2,3,"0,1,2",3,3,5,5
5,"0,1,3|2,4",2,3,"0,1,3",3,3,5,5
5,"0,1,3|2,4",2,3,"0,1,4",3,3,5,5
5,"0,1,3|2,4",2,3,"0,2,3",3,3,5,5
5,"0,1,3|2,4",2,3,"0,2,4",3,2,5,5
5,"0,1,3|2,4",2,3,"0,3,4",3,3,5,5
5,"0,1,3|2,4",2,3,"1,2,3",3,3,5,5
5,"0,1,3|2,4",2,3,"1,2,4",3,2,5,5
5,"0,1,3|2,4",2,3,"1,3,4",3,3,5,5
5,"0,1,3|2,4",2,3,"2,3,4",3,2,5,5
5,"0,1,3|2,4",2,4,"0,1,2",2,3,5,5
5,"0,1,3|2,4",2,4,"0,1,3",2,3,5,5
5,"0,1,3|2,4",2,4,"0,1,4",2,3,5,5
5,"0,1,3|2,4",2,4,"0,2,3",2,3,5,5
5,"0,1,3|2,4",2,4,"0,2,4",2,2,5,5
5,"0,1,3|2,4",2,4,"0,3,4",2,3,5,5
5,"0,1,3|2,4",2,4,"1,2,3",2,3,5,5
5,"0,1,3|2,4",2,4,"1,2,4",2,2,5,5
5,"0,1,3|2,4",2,4,"1,3,4",2,3,5,5
5,"0,1,3|2,4",2,4,"2,3,4",2,2,5,5
6,"0,1,3|2|4",3,0,"0,1,2",3,3,5,5
6,"0,1,3|2|4",3,0,"0,1,3",3,3,5,5
6,"0,1,3|2|4",3,0,"0,1,4",3,3,5,5
6,"0,1,3|2|4",3,0,"0,2,3",3,3,5,5
6,"0,1,3|2|4",3,0,"0,2,4",3,0,5,5
6,"0,1,3|2|4",3,0,"0,3,4",3,3,5,5
6,"0,1,3|2|4",3,0,"1,2,3",3,3,5,5
6,"0,1,3|2|4",3,0,"1,2,4",3,0,5,5
6,"0,1,3|2|4",3,0,"1,3,4",3,3,5,5
6,"0,1,3|2|4",3,0,"2,3,4",3,0,5,5
6,"0,1,3|2|4",3,1,"0,1,2",3,3,5,5
6,"0,1,3|2|4",3,1,"0,1,3",3,3,5,5
6,"0,1,3|2|4",3,1,"0,1,4",3,3,5,5
6,"0,1,3|2|4",3,1,"0,2,3",3,3,5,5
6,"0,1,3|2|4",3,1,"0,2,4",3,0,5,5
6,"0,1,3|2|4",3,1,"0,3,4",3,3,5,5
6,"0,1,3|2|4",3,1,"1,2,3",3,3,5,5
6,"0,1,3|2|4",3,1,"1,2,4",3,0,5,5
6,"0,1,3|2|4",3,1,"1,3,4",3,3,5,5
6,"0,1,3|2|4",3,1,"2,3,4",3,0,5,5
6,"0,1,3|2|4",3,2,"0,1,2",1,3,5,5
6,"0,1,3|2|4",3,2,"0,1,3",1,3,5,5
6,"0,1,3|2|4",3,2,"0,1,4",1,3,5,5
6,"0,1,3|2|4",3,2,"0,2,3",1,3,5,5
6,"0,1,3|2|4",3,2,"0,2,4",1,0,5,5
6,"0,1,3|2|4",3,2,"0,3,4",1,3,5,5
6,"0,1,3|2|4",3,2,"1,2,3",1,3,5,5
6,"0,1,3|2|4",3,2,"1,2,4",1,0,5,5
6,"0,1,3|2|4",3,2,"1,3,4",1,3,5,5
6,"0,1,3|2|4",3,2,"2,3,4",1,0,5,5
6,"0,1,3|2|4",3,3,"0,1,2",3,3,5,5
6,"0,1,3|2|4",3,3,"0,1,3",3,3,5,5
6,"0,1,3|2|4",3,3,"0,1,4",3,3,5,5
6,"0,1,3|2|4",3,3,"0,2,3",3,3,5,5
6,"0,1,3|2|4",3,3,"0,2,4",3,0,5,5
6,"0,1,3|2|4",3,3,"0,3,4",3,3,5,5
6,"0,1,3|2|4",3,3,"1,2,3",3,3,5,5
6,"0,1,3|2|4",3,3,"1,2,4",3,0,5,5
6,"0,1,3|2|4",3,3,"1,3,4",3,3,5,5
6,"0,1,3|2|4",3,3,"2,3,4",3,0,5,5
6,"0,1,3|2|4",3,4,"0,1,2",1,3,5,5
6,"0,1,3|2|4",3,4,"0,1,3",1,3,5,5
6,"0,1,3|2|4",3,4,"0,1,4",1,3,5,5
6,"0,1,3|2|4",3,4,"0,2,3",1,3,5,5
6,"0,1,3|2|4",3,4,"0,2,4",1,0,5,5
6,"0,1,3|2|4",3,4,"0,3,4",1,3,5,5
6,"0,1,3|2|4",3,4,"1,2,3",1,3,5,5
6,"0,1,3|2|4",3,4,"1,2,4",1,0,5,5
6,"0,1,3|2|4",3,4,"1,3,4",1,3,5,5
6,"0,1,3|2|4",3,4,"2,3,4",1,0,5,5
7,"0,1,4|2,3",2,0,"0,1,2",3,3,5,5
7,"0,1,4|2,3",2,0,"0,1,3",3,3,5,5
7,"0,1,4|2,3",2,0,"0,1,4",3,3,5,5
7,"0,1,4|2,3",2,0,"0,2,3",3,2,5,5
7,"0,1,4|2,3",2,0,"0,2,4",3,3,5,5
7,"0,1,4|2,3",2,0,"0,3,4",3,3,5,5
7,"0,1,4|2,3",2,0,"1,2,3",3,2,5,5
7,"0,1,4|2,3",2,0,"1,2,4",3,3,5,5
7,"0,1,4|2,3",2,0,"1,3,4",3,3,5,5
7,"0,1,4|2,3",2,0,"2,3,4",3,2,5,5
7,"0,1,4|2,3",2,1,"0,1,2",3,3,5,5
7,"0,1,4|2,3",2,1,"0,1,3",3,3,5,5
7,"0,1,4|2,3",2,1,"0,1,4",3,3,5,5
7,"0,1,4|2,3",2,1,"0,2,3",3,2,5,5
7,"0,1,4|2,3",2,1,"0,2,4",3,3,5,5
7,"0,1,4|2,3",2,1,"0,3,4",3,3,5,5
7,"0,1,4|2,3",2,1,"1,2,3",3,2,5,5
7,"0,1,4|2,3",2,1,"1,2,4",3,3,5,5
7,"0,1,4|2,3",2,1,"1,3,4",3,3,5,5
7,"0,1,4|2,3",2,1,"2,3,4",3,2,5,5
7,"0,1,4|2,3",2,2,"0,1,2",2,3,5,5
7,"0,1,4|2,3",2,2,"0,1,3",2,3,5,5
7,"0,1,4|2,3",2,2,"0,1,4",2,3,5,5
7,"0,1,4|2,3",2,2,"0,2,3",2,2,5,5
7,"0,1,4|2,3",2,2,"0,2,4",2,3,5,5
7,"0,1,4|2,3",2,2,"0,3,4",2,3,5,5
7,"0,1,4|2,3",2,2,"1,2,3",2,2,5,5
7,"0,1,4|2,3",2,2,"1,2,4",2,3,5,5
7,"0,1,4|2,3",2,2,"1,3,4",2,3,5,5
7,"0,1,4|2,3",2,2,"2,3,4",2,2,5,5
7,"0,1,4|2,3",2,3,"0,1,2",2,3,5,5
7,"0,1,4|2,3",2,3,"0,1,3",2,3,5,5
7,"0,1,4|2,3",2,3,"0,1,4",2,3,5,5
7,"0,1,4|2,3",2,3,"0,2,3",2,2,5,5
7,"0,1,4|2,3",2,3,"0,2,4",2,3,5,5
7,"0,1,4|2,3",2,3,"0,3,4",2,3,5,5
7,"0,1,4|2,3",2,3,"1,2,3",2,2,5,5
7,"0,1,4|2,3",2,3,"1,2,4",2,3,5,5
7,"0,1,4|2,3",2,3,"1,3,4",2,3,5,5
7,"0,1,4|2,3",2,3,"2,3,4",2,2,5,5
7,"0,1,4|2,3",2,4,"0,1,2",3,3,5,5
7,"0,1,4|2,3",2,4,"0,1,3",3,3,5,5
7,"0,1,4|2,3",2,4,"0,1,4",3,3,5,5
7,"0,1,4|2,3",2,4,"0,2,3",3,2,5,5
7,"0,1,4|2,3",2,4,"0,2,4",3,3,5,5
7,"0,1,4|2,3",2,4,"0,3,4",3,3,5,5
7,"0,1,4|2,3",2,4,"1,2,3",3,2,5,5
7,"0,1,4|2,3",2,4,"1,2,4",3,3,5,5
7,"0,1,4|2,3",2,4,"1,3,4",3,3,5,5
7,"0,1,4|2,3",2,4,"2,3,4",3,2,5,5
8,"0,1|2,3,4",2,0,"0,1,2",2,2,5,5
8,"0,1|2,3,4",2,0,"0,1,3",2,2,5,5
8,"0,1|2,3,4",2,0,"0,1,4",2,2,5,5
8,"0,1|2,3,4",2,0,"0,2,3",2,3,5,5
8,"0,1|2,3,4",2,0,"0,2,4",2,3,5,5
8,"0,1|2,3,4",2,0,"0,3,4",2,3,5,5
8,"0,1|2,3,4",2,0,"1,2,3",2,3,5,5
8,"0,1|2,3,4",2,0,"1,2,4",2,3,5,5
8,"0,1|2,3,4",2,0,"1,3,4",2,3,5,5
8,"0,1|2,3,4",2,0,"2,3,4",2,3,5,5
8,"0,1|2,3,4",2,1,"0,1,2",2,2,5,5
8,"0,1|2,3,4",2,1,"0,1,3",2,2,5,5
8,"0,1|2,3,4",2,1,"0,1,4",2,2,5,5
8,"0,1|2,3,4",2,1,"0,2,3",2,3,5,5
8,"0,1|2,3,4",2,1,"0,2,4",2,3,5,5
8,"0,1|2,3,4",2,1,"0,3,4",2,3,5,5
8,"0,1|2,3,4",2,1,"1,2,3",2,3,5,5
8,"0,1|2,3,4",2,1,"1,2,4",2,3,5,5
8,"0,1|2,3,4",2,1,"1,3,4",2,3,5,5
8,"0,1|2,3,4",2,1,"2,3,4",2,3,5,5
8,"0,1|2,3,4",2,2,"0,1,2",3,2,5,5
8,"0,1|2,3,4",2,2,"0,1,3",3,2,5,5
8,"0,1|2,3,4",2,2,"0,1,4",3,2,5,5
8,"0,1|2,3,4",2,2,"0,2,3",3,3,5,5
8,"0,1|2,3,4",2,2,"0,2,4",3,3,5,5
8,"0,1|2,3,4",2,2,"0,3,4",3,3,5,5
8,"0,1|2,3,4",2,2,"1,2,3",3,3,5,5
8,"0,1|2,3,4",2,2,"1,2,4",3,3,5,5
8,"0,1|2,3,4",2,2,"1,3,4",3,3,5,5
8,"0,1|2,3,4",2,2,"2,3,4",3,3,5,5
8,"0,1|2,3,4",2,3,"0,1,2",3,2,5,5
8,"0,1|2,3,4",2,3,"0,1,3",3,2,5,5
8,"0,1|2,3,4",2,3,"0,1,4",3,2,5,5
8,"0,1|2,3,4",2,3,"0,2,3",3,3,5,5
8,"0,1|2,3,4",2,3,"0,2,4",3,3,5,5
8,"0,1|2,3,4",2,3,"0,3,4",3,3,5,5
8,"0,1|2,3,4",2,3,"1,2,3",3,3,5,5
8,"0,1|2,3,4",2,3,"1,2,4",3,3,5,5
8,"0,1|2,3,4",2,3,"1,3,4",3,3,5,5
8,"0,1|2,3,4",2,3,"2,3,4",3,3,5,5
8,"0,1|2,3,4",2,4,"0,1,2",3,2,5,5
8,"0,1|2,3,4",2,4,"0,1,3",3,2,5,5
8,"0,1|2,3,4",2,4,"0,1,4",3,2,5,5
8,"0,1|2,3,4",2,4,"0,2,3",3,3,5,5
8,"0,1|2,3,4",2,4,"0,2,4",3,3,5,5
8,"0,1|2,3,4",2,4,"0,3,4",3,3,5,5
8,"0,1|2,3,4",2,4,"1,2,3",3,3,5,5
8,"0,1|2,3,4",2,4,"1,2,4",3,3,5,5
8,"0,1|2,3,4",2,4,"1,3,4",3,3,5,5
8,"0,1|2,3,4",2,4,"2,3,4",3,3,5,5
9,"0,1|2,3|4",3,0,"0,1,2",2,2,5,5
9,"0,1|2,3|4",3,0,"0,1,3",2,2,5,5
9,"0,1|2,3|4",3,0,"0,1,4",2,2,5,5
9,"0,1|2,3|4",3,0,"0,2,3",2,2,5,5
9,"0,1|2,3|4",3,0,"0,2,4",2,0,5,5
9,"0,1|2,3|4",3,0,"0,3,4",2,0,5,5
9,"0,1|2,3|4",3,0,"1,2,3",2,2,5,5
9,"0,1|2,3|4",3,0,"1,2,4",2,0,5,5
9,"0,1|2,3|4",3,0,"1,3,4",2,0,5,5
9,"0,1|2,3|4",3,0,"2,3,4",2,2,5,5
9,"0,1|2,3|4",3,1,"0,1,2",2,2,5,5
9,"0,1|2,3|4",3,1,"0,1,3",2,2,5,5
9,"0,1|2,3|4",3,1,"0,1,4",2,2,5,5
9,"0,1|2,3|4",3,1,"0,2,3",2,2,5,5
9,"0,1|2,3|4",3,1,"0,2,4",2,0,5,5
9,"0,1|2,3|4",3,1,"0,3,4",2,0,5,5
9,"0,1|2,3|4",3,1,"1,2,3",2,2,5,5
9,"0,1|2,3|4",3,1,"1,2,4",2,0,5,5
9,"0,1|2,3|4",3,1,"1,3,4",2,0,5,5
9,"0,1|2,3|4",3,1,"2,3,4",2,2,5,5
9,"0,1|2,3|4",3,2,"0,1,2",2,2,5,5
9,"0,1|2,3|4",3,2,"0,1,3",2,2,5,5
9,"0,1|2,3|4",3,2,"0,1,4",2,2,5,5
9,"0,1|2,3|4",3,2,"0,2,3",2,2,5,5
9,"0,1|2,3|4",3,2,"0,2,4",2,0,5,5
9,"0,1|2,3|4",3,2,"0,3,4",2,0,5,5
9,"0,1|2,3|4",3,2,"1,2,3",2,2,5,5
9,"0,1|2,3|4",3,2,"1,2,4",2,0,5,5
9,"0,1|2,3|4",3,2,"1,3,4",2,0,5,5
9,"0,1|2,3|4",3,2,"2,3,4",2,2,5,5
9,"0,1|2,3|4",3,3,"0,1,2",2,2,5,5
9,"0,1|2,3|4",3,3,"0,1,3",2,2,5,5
9,"0,1|2,3|4",3,3,"0,1,4",2,2,5,5
9,"0,1|2,3|4",3,3,"0,2,3",2,2,5,5
9,"0,1|2,3|4",3,3,"0,2,4",2,0,5,5
9,"0,1|2,3|4",3,3,"0,3,4",2,0,5,5
9,"0,1|2,3|4",3,3,"1,2,3",2,2,5,5
9,"0,1|2,3|4",3,3,"1,2,4",2,0,5,5
9,"0,1|2,3|4",3,3,"1,3,4",2,0,5,5
9,"0,1|2,3|4",3,3,"2,3,4",2,2,5,5
9,"0,1|2,3|4",3,4,"0,1,2",1,2,5,5
9,"0,1|2,3|4",3,4,"0,1,3",1,2,5,5
9,"0,1|2,3|4",3,4,"0,1,4",1,2,5,5
9,"0,1|2,3|4",3,4,"0,2,3",1,2,5,5
9,"0,1|2,3|4",3,4,"0,2,4",1,0,5,5
9,"0,1|2,3|4",3,4,"0,3,4",1,0,5,5
9,"0,1|2,3|4",3,4,"1,2,3",1,2,5,5
9,"0,1|2,3|4",3,4,"1,2,4",1,0,5,5
9,"0,1|2,3|4",3,4,"1,3,4",1,0,5,5
9,"0,1|2,3|4",3,4,"2,3,4",1,2,5,5
10,"0,1,4|2|3",3,0,"0,1,2",3,3,5,5
10,"0,1,4|2|3",3,0,"0,1,3",3,3,5,5
10,"0,1,4|2|3",3,0,"0,1,4",3,3,5,5
10,"0,1,4|2|3",3,0,"0,2,3",3,0,5,5
10,"0,1,4|2|3",3,0,"0,2,4",3,3,5,5
10,"0,1,4|2|3",3,0,"0,3,4",3,3,5,5
10,"0,1,4|2|3",3,0,"1,2,3",3,0,5,5
10,"0,1,4|2|3",3,0,"1,2,4",3,3,5,5
10,"0,1,4|2|3",3,0,"1,3,4",3,3,5,5
10,"0,1,4|2|3",3,0,"2,3,4",3,0,5,5
10,"0,1,4|2|3",3,1,"0,1,2",3,3,5,5
10,"0,1,4|2|3",3,1,"0,1,3",3,3,5,5
10,"0,1,4|2|3",3,1,"0,1,4",3,3,5,5
10,"0,1,4|2|3",3,1,"0,2,3",3,0,5,5
10,"0,1,4|2|3",3,1,"0,2,4",3,3,5,5
10,"0,1,4|2|3",3,1,"0,3,4",3,3,5,5
10,"0,1,4|2|3",3,1,"1,2,3",3,0,5,5
10,"0,1,4|2|3",3,1,"1,2,4",3,3,5,5
10,"0,1,4|2|3",3,1,"1,3,4",3,3,5,5
10,"0,1,4|2|3",3,1,"2,3,4",3,0,5,5
10,"0,1,4|2|3",3,2,"0,1,2",1,3,5,5
10,"0,1,4|2|3",3,2,"0,1,3",1,3,5,5
10,"0,1,4|2|3",3,2,"0,1,4",1,3,5,5
10,"0,1,4|2|3",3,2,"0,2,3",1,0,5,5
10,"0,1,4|2|3",3,2,"0,2,4",1,3,5,5
10,"0,1,4|2|3",3,2,"0,3,4",1,3,5,5
10,"0,1,4|2|3",3,2,"1,2,3",1,0,5,5
10,"0,1,4|2|3",3,2,"1,2,4",1,3,5,5
10,"0,1,4|2|3",3,2,"1,3,4",1,3,5,5
10,"0,1,4|2|3",3,2,"2,3,4",1,0,5,5
10,"0,1,4|2|3",3,3,"0,1,2",1,3,5,5
10,"0,1,4|2|3",3,3,"0,1,3",1,3,5,5
10,"0,1,4|2|3",3,3,"0,1,4",1,3,5,5
10,"0,1,4|2|3",3,3,"0,2,3",1,0,5,5
10,"0,1,4|2|3",3,3,"0,2,4",1,3,5,5
10,"0,1,4|2|3",3,3,"0,3,4",1,3,5,5
10,"0,1,4|2|3",3,3,"1,2,3",1,0,5,5
10,"0,1,4|2|3",3,3,"1,2,4",1,3,5,5
10,"0,1,4|2|3",3,3,"1,3,4",1,3,5,5
10,"0,1,4|2|3",3,3,"2,3,4",1,0,5,5
10,"0,1,4|2|3",3,4,"0,1,2",3,3,5,5
10,"0,1,4|2|3",3,4,"0,1,3",3,3,5,5
10,"0,1,4|2|3",3,4,"0,1,4",3,3,5,5
10,"0,1,4|2|3",3,4,"0,2,3",3,0,5,5
10,"0,1,4|2|3",3,4,"0,2,4",3,3,5,5
10,"0,1,4|2|3",3,4,"0,3,4",3,3,5,5
10,"0,1,4|2|3",3,4,"1,2,3",3,0,5,5
10,"0,1,4|2|3",3,4,"1,2,4",3,3,5,5
10,"0,1,4|2|3",3,4,"1,3,4",3,3,5,5
10,"0,1,4|2|3",3,4,"2,3,4",3,0,5,5
11,"0,1|2,4|3",3,0,"0,1,2",2,2,5,5
11,"0,1|2,4|3",3,0,"0,1,3",2,2,5,5
11,"0,1|2,4|3",3,0,"0,1,4",2,2,5,5
11,"0,1|2,4|3",3,0,"0,2,3",2,0,5,5
11,"0,1|2,4|3",3,0,"0,2,4",2,2,5,5
11,"0,1|2,4|3",3,0,"0,3,4",2,0,5,5
11,"0,1|2,4|3",3,0,"1,2,3",2,0,5,5
11,"0,1|2,4|3",3,0,"1,2,4",2,2,5,5
11,"0,1|2,4|3",3,0,"1,3,4",2,0,5,5
11,"0,1|2,4|3",3,0,"2,3,4",2,2,5,5
11,"0,1|2,4|3",3,1,"0,1,2",2,2,5,5
11,"0,1|2,4|3",3,1,"0,1,3",2,2,5,5
11,"0,1|2,4|3",3,1,"0,1,4",2,2,5,5
11,"0,1|2,4|3",3,1,"0,2,3",2,0,5,5
11,"0,1|2,4|3",3,1,"0,2,4",2,2,5,5
11,"0,1|2,4|3",3,1,"0,3,4",2,0,5,5
11,"0,1|2,4|3",3,1,"1,2,3",2,0,5,5
11,"0,1|2,4|3",3,1,"1,2,4",2,2,5,5
11,"0,1|2,4|3",3,1,"1,3,4",2,0,5,5
11,"0,1|2,4|3",3,1,"2,3,4",2,2,5,5
11,"0,1|2,4|3",3,2,"0,1,2",2,2,5,5
11,"0,1|2,4|3",3,2,"0,1,3",2,2,5,5
11,"0,1|2,4|3",3,2,"0,1,4",2,2,5,5
11,"0,1|2,4|3",3,2,"0,2,3",2,0,5,5
11,"0,1|2,4|3",3,2,"0,2,4",2,2,5,5
11,"0,1|2,4|3",3,2,"0,3,4",2,0,5,5
11,"0,1|2,4|3",3,2,"1,2,3",2,0,5,5
11,"0,1|2,4|3",3,2,"1,2,4",2,2,5,5
11,"0,1|2,4|3",3,2,"1,3,4",2,0,5,5
11,"0,1|2,4|3",3,2,"2,3,4",2,2,5,5
11,"0,1|2,4|3",3,3,"0,1,2",1,2,5,5
11,"0,1|2,4|3",3,3,"0,1,3",1,2,5,5
11,"0,1|2,4|3",3,3,"0,1,4",1,2,5,5
11,"0,1|2,4|3",3,3,"0,2,3",1,0,5,5
11,"0,1|2,4|3",3,3,"0,2,4",1,2,5,5
11,"0,1|2,4|3",3,3,"0,3,4",1,0,5,5
11,"0,1|2,4|3",3,3,"1,2,3",1,0,5,5
11,"0,1|2,4|3",3,3,"1,2,4",1,2,5,5
11,"0,1|2,4|3",3,3,"1,3,4",1,0,5,5
11,"0,1|2,4|3",3,3,"2,3,4",1,2,5,5
11,"0,1|2,4|3",3,4,"0,1,2",2,2,5,5
11,"0,1|2,4|3",3,4,"0,1,3",2,2,5,5
11,"0,1|2,4|3",3,4,"0,1,4",2,2,5,5
11,"0,1|2,4|3",3,4,"0,2,3",2,0,5,5
11,"0,1|2,4|3",3,4,"0,2,4",2,2,5,5
11,"0,1|2,4|3",3,4,"0,3,4",2,0,5,5
11,"0,1|2,4|3",3,4,"1,2,3",2,0,5,5
11,"0,1|2,4|3",3,4,"1,2,4",2,2,5,5
11,"0,1|2,4|3",3,4,"1,3,4",2,0,5,5
11,"0,1|2,4|3",3,4,"2,3,4",2,2,5,5
12,"0,1|2|3,4",3,0,"0,1,2",2,2,5,5
12,"0,1|2|3,4",3,0,"0,1,3",2,2,5,5
12,"0,1|2|3,4",3,0,"0,1,4",2,2,5,5
12,"0,1|2|3,4",3,0,"0,2,3",2,0,5,5
12,"0,1|2|3,4",3,0,"0,2,4",2,0,5,5
12,"0,1|2|3,4",3,0,"0,3,4",2,2,5,5
12,"0,1|2|3,4",3,0,"1,2,3",2,0,5,5
12,"0,1|2|3,4",3,0,"1,2,4",2,0,5,5
12,"0,1|2|3,4",3,0,"1,3,4",2,2,5,5
12,"0,1|2|3,4",3,0,"2,3,4",2,2,5,5
12,"0,1|2|3,4",3,1,"0,1,2",2,2,5,5
12,"0,1|2|3,4",3,1,"0,1,3",2,2,5,5
12,"0,1|2|3,4",3,1,"0,1,4",2,2,5,5
12,"0,1|2|3,4",3,1,"0,2,3",2,0,5,5
12,"0,1|2|3,4",3,1,"0,2,4",2,0,5,5
12,"0,1|2|3,4",3,1,"0,3,4",2,2,5,5
12,"0,1|2|3,4",3,1,"1,2,3",2,0,5,5
12,"0,1|2|3,4",3,1,"1,2,4",2,0,5,5
12,"0,1|2|3,4",3,1,"1,3,4",2,2,5,5
12,"0,1|2|3,4",3,1,"2,3,4",2,2,5,5
12,"0,1|2|3,4",3,2,"0,1,2",1,2,5,5
12,"0,1|2|3,4",3,2,"0,1,3",1,2,5,5
12,"0,1|2|3,4",3,2,"0,1,4",1,2,5,5
12,"0,1|2|3,4",3,2,"0,2,3",1,0,5,5
12,"0,1|2|3,4",3,2,"0,2,4",1,0,5,5
12,"0,1|2|3,4",3,2,"0,3,4",1,2,5,5
12,"0,1|2|3,4",3,2,"1,2,3",1,0,5,5
12,"0,1|2|3,4",3,2,"1,2,4",1,0,5,5
12,"0,1|2|3,4",3,2,"1,3,4",1,2,5,5
12,"0,1|2|3,4",3,2,"2,3,4",1,2,5,5
12,"0,1|2|3,4",3,3,"0,1,2",2,2,5,5
12,"0,1|2|3,4",3,3,"0,1,3",2,2,5,5
12,"0,1|2|3,4",3,3,"0,1,4",2,2,5,5
12,"0,1|2|3,4",3,3,"0,2,3",2,0,5,5
12,"0,1|2|3,4",3,3,"0,2,4",2,0,5,5
12,"0,1|2|3,4",3,3,"0,3,4",2,2,5,5
12,"0,1|2|3,4",3,3,"1,2,3",2,0,5,5
12,"0,1|2|3,4",3,3,"1,2,4",2,0,5,5
12,"0,1|2|3,4",3,3,"1,3,4",2,2,5,5
12,"0,1|2|3,4",3,3,"2,3,4",2,2,5,5
12,"0,1|2|3,4",3,4,"0,1,2",2,2,5,5
12,"0,1|2|3,4",3,4,"0,1,3",2,2,5,5
12,"0,1|2|3,4",3,4,"0,1,4",2,2,5,5
12,"0,1|2|3,4",3,4,"0,2,3",2,0,5,5
12,"0,1|2|3,4",3,4,"0,2,4",2,0,5,5
12,"0,1|2|3,4",3,4,"0,3,4",2,2,5,5
12,"0,1|2|3,4",3,4,"1,2,3",2,0,5,5
12,"0,1|2|3,4",3,4,"1,2,4",2,0,5,5
12,"0,1|2|3,4",3,4,"1,3,4",2,2,5,5
12,"0,1|2|3,4",3,4,"2,3,4",2,2,5,5
13,"0,1|2|3|4",4,0,"0,1,2",2,2,5,5
13,"0,1|2|3|4",4,0,"0,1,3",2,2,5,5
13,"0,1|2|3|4",4,0,"0,1,4",2,2,5,5
13,"0,1|2|3|4",4,0,"0,2,3",2,0,5,5
13,"0,1|2|3|4",4,0,"0,2,4",2,0,5,5
13,"0,1|2|3|4",4,0,"0,3,4",2,0,5,5
13,"0,1|2|3|4",4,0,"1,2,3",2,0,5,5
13,"0,1|2|3|4",4,0,"1,2,4",2,0,5,5
13,"0,1|2|3|4",4,0,"1,3,4",2,0,5,5
13,"0,1|2|3|4",4,0,"2,3,4",2,0,5,5
13,"0,1|2|3|4",4,1,"0,1,2",2,2,5,5
13,"0,1|2|3|4",4,1,"0,1,3",2,2,5,5
13,"0,1|2|3|4",4,1,"0,1,4",2,2,5,5
13,"0,1|2|3|4",4,1,"0,2,3",2,0,5,5
13,"0,1|2|3|4",4,1,"0,2,4",2,0,5,5
13,"0,1|2|3|4",4,1,"0,3,4",2,0,5,5
13,"0,1|2|3|4",4,1,"1,2,3",2,0,5,5
13,"0,1|2|3|4",4,1,"1,2,4",2,0,5,5
13,"0,1|2|3|4",4,1,"1,3,4",2,0,5,5
13,"0,1|2|3|4",4,1,"2,3,4",2,0,5,5
13,"0,1|2|3|4",4,2,"0,1,2",1,2,5,5
13,"0,1|2|3|4",4,2,"0,1,3",1,2,5,5
13,"0,1|2|3|4",4,2,"0,1,4",1,2,5,5
13,"0,1|2|3|4",4,2,"0,2,3",1,0,5,5
13,"0,1|2|3|4",4,2,"0,2,4",1,0,5,5
13,"0,1|2|3|4",4,2,"0,3,4",1,0,5,5
13,"0,1|2|3|4",4,2,"1,2,3",1,0,5,5
13,"0,1|2|3|4",4,2,"1,2,4",1,0,5,5
13,"0,1|2|3|4",4,2,"1,3,4",1,0,5,5
13,"0,1|2|3|4",4,2,"2,3,4",1,0,5,5
13,"0,1|2|3|4",4,3,"0,1,2",1,2,5,5
13,"0,1|2|3|4",4,3,"0,1,3",1,2,5,5
13,"0,1|2|3|4",4,3,"0,1,4",1,2,5,5
13,"0,1|2|3|4",4,3,"0,2,3",1,0,5,5
13,"0,1|2|3|4",4,3,"0,2,4",1,0,5,5
13,"0,1|2|3|4",4,3,"0,3,4",1,0,5,5
13,"0,1|2|3|4",4,3,"1,2,3",1,0,5,5
13,"0,1|2|3|4",4,3,"1,2,4",1,0,5,5
13,"0,1|2|3|4",4,3,"1,3,4",1,0,5,5
13,"0,1|2|3|4",4,3,"2,3,4",1,0,5,5
13,"0,1|2|3|4",4,4,"0,1,2",1,2,5,5
13,"0,1|2|3|4",4,4,"0,1,3",1,2,5,5
13,"0,1|2|3|4",4,4,"0,1,4",1,2,5,5
13,"0,1|2|3|4",4,4,"0,2,3",1,0,5,5
13,"0,1|2|3|4",4,4,"0,2,4",1,0,5,5
13,"0,1|2|3|4",4,4,"0,3,4",1,0,5,5
13,"0,1|2|3|4",4,4,"1,2,3",1,0,5,5
13,"0,1|2|3|4",4,4,"1,2,4",1,0,5,5
13,"0,1|2|3|4",4,4,"1,3,4",1,0,5,5
13,"0,1|2|3|4",4,4,"2,3,4",1,0,5,5
14,"0,2,3,4|1",2,0,"0,1,2",4,4,5,5
14,"0,2,3,4|1",2,0,"0,1,3",4,4,5,5
14,"0,2,3,4|1",2,0,"0,1,4",4,4,5,5
14,"0,2,3,4|1",2,0,"0,2,3",4,4,5,5
14,"0,2,3,4|1",2,0,"0,2,4",4,4,5,5
14,"0,2,3,4|1",2,0,"0,3,4",4,4,5,5
14,"0,2,3,4|1",2,0,"1,2,3",4,4,5,5
14,"0,2,3,4|1",2,0,"1,2,4",4,4,5,5
14,"0,2,3,4|1",2,0,"1,3,4",4,4,5,5
14,"0,2,3,4|1",2,0,"2,3,4",4,4,5,5
14,"0,2,3,4|1",2,1,"0,1,2",1,4,5,5
14,"0,2,3,4|1",2,1,"0,1,3",1,4,5,5
14,"0,2,3,4|1",2,1,"0,1,4",1,4,5,5
14,"0,2,3,4|1",2,1,"0,2,3",1,4,5,5
14,"0,2,3,4|1",2,1,"0,2,4",1,4,5,5
14,"0,2,3,4|1",2,1,"0,3,4",1,4,5,5
14,"0,2,3,4|1",2,1,"1,2,3",1,4,5,5
14,"0,2,3,4|1",2,1,"1,2,4",1,4,5,5
14,"0,2,3,4|1",2,1,"1,3,4",1,4,5,5
14,"0,2,3,4|1",2,1,"2,3,4",1,4,5,5
14,"0,2,3,4|1",2,2,"0,1,2",4,4,5,5
14,"0,2,3,4|1",2,2,"0,1,3",4,4,5,5
14,"0,2,3,4|1",2,2,"0,1,4",4,4,5,5
14,"0,2,3,4|1",2,2,"0,2,3",4,4,5,5
14,"0,2,3,4|1",2,2,"0,2,4",4,4,5,5
14,"0,2,3,4|1",2,2,"0,3,4",4,4,5,5
14,"0,2,3,4|1",2,2,"1,2,3",4,4,5,5
14,"0,2,3,4|1",2,2,"1,2,4",4,4,5,5
14,"0,2,3,4|1",2,2,"1,3,4",4,4,5,5
14,"0,2,3,4|1",2,2,"2,3,4",4,4,5,5
14,"0,2,3,4|1",2,3,"0,1,2",4,4,5,5
14,"0,2,3,4|1",2,3,"0,1,3",4,4,5,5
14,"0,2,3,4|1",2,3,"0,1,4",4,4,5,5
14,"0,2,3,4|1",2,3,"0,2,3",4,4,5,5
14,"0,2,3,4|1",2,3,"0,2,4",4,4,5,5
14,"0,2,3,4|1",2,3,"0,3,4",4,4,5,5
14,"0,2,3,4|1",2,3,"1,2,3",4,4,5,5
14,"0,2,3,4|1",2,3,"1,2,4",4,4,5,5
14,"0,2,3,4|1",2,3,"1,3,4",4,4,5,5
14,"0,2,3,4|1",2,3,"2,3,4",4,4,5,5
14,"0,2,3,4|1",2,4,"0,1,2",4,4,5,5
14,"0,2,3,4|1",2,4,"0,1,3",4,4,5,5
14,"0,2,3,4|1",2,4,"0,1,4",4,4,5,5
14,"0,2,3,4|1",2,4,"0,2,3",4,4,5,5
14,"0,2,3,4|1",2,4,"0,2,4",4,4,5,5
14,"0,2,3,4|1",2,4,"0,3,4",4,4,5,5
14,"0,2,3,4|1",2,4,"1,2,3",4,4,5,5
14,"0,2,3,4|1",2,4,"1,2,4",4,4,5,5
14,"0,2,3,4|1",2,4,"1,3,4",4,4,5,5
14,"0,2,3,4|1",2,4,"2,3,4",4,4,5,5
15,"0,2,3|1,4",2,0,"0,1,2",3,3,5,5
15,"0,2,3|1,4",2,0,"0,1,3",3,3,5,5
15,"0,2,3|1,4",2,0,"0,1,4",3,2,5,5
15,"0,2,3|1,4",2,0,"0,2,3",3,3,5,5
15,"0,2,3|1,4",2,0,"0,2,4",3,3,5,5
15,"0,2,3|1,4",2,0,"0,3,4",3,3,5,5
15,"0,2,3|1,4",2,0,"1,2,3",3,3,5,5
15,"0,2,3|1,4",2,0,"1,2,4",3,2,5,5
15,"0,2,3|1,4",2,0,"1,3,4",3,2,5,5
15,"0,2,3|1,4",2,0,"2,3,4",3,3,5,5
15,"0,2,3|1,4",2,1,"0,1,2",2,3,5,5
15,"0,2,3|1,4",2,1,"0,1,3",2,3,5,5
15,"0,2,3|1,4",2,1,"0,1,4",2,2,5,5
15,"0,2,3|1,4",2,1,"0,2,3",2,3,5,5
15,"0,2,3|1,4",2,1,"0,2,4",2,3,5,5
15,"0,2,3|1,4",2,1,"0,3,4",2,3,5,5
15,"0,2,3|1,4",2,1,"1,2,3",2,3,5,5
15,"0,2,3|1,4",2,1,"1,2,4",2,2,5,5
15,"0,2,3|1,4",2,1,"1,3,4",2,2,5,5
15,"0,2,3|1,4",2,1,"2,3,4",2,3,5,5
15,"0,2,3|1,4",2,2,"0,1,2",3,3,5,5
15,"0,2,3|1,4",2,2,"0,1,3",3,3,5,5
15,"0,2,3|1,4",2,2,"0,1,4",3,2,5,5
15,"0,2,3|1,4",2,2,"0,2,3",3,3,5,5
15,"0,2,3|1,4",2,2,"0,2,4",3,3,5,5
15,"0,2,3|1,4",2,2,"0,3,4",3,3,5,5
15,"0,2,3|1,4",2,2,"1,2,3",3,3,5,5
15,"0,2,3|1,4",2,2,"1,2,4",3,2,5,5
15,"0,2,3|1,4",2,2,"1,3,4",3,2,5,5
15,"0,2,3|1,4",2,2,"2,3,4",3,3,5,5
15,"0,2,3|1,4",2,3,"0,1,2",3,3,5,5
15,"0,2,3|1,4",2,3,"0,1,3",3,3,5,5
15,"0,2,3|1,4",2,3,"0,1,4",3,2,5,5
15,"0,2,3|1,4",2,3,"0,2,3",3,3,5,5
15,"0,2,3|1,4",2,3,"0,2,4",3,3,5,5
15,"0,2,3|1,4",2,3,"0,3,4",3,3,5,5
15,"0,2,3|1,4",2,3,"1,2,3",3,3,5,5
15,"0,2,3|1,4",2,3,"1,2,4",3,2,5,5
15,"0,2,3|1,4",2,3,"1,3,4",3,2,5,5
15,"0,2,3|1,4",2,3,"2,3,4",3,3,5,5
15,"0,2,3|1,4",2,4,"0,1,2",2,3,5,5
15,"0,2,3|1,4",2,4,"0,1,3",2,3,5,5
15,"0,2,3|1,4",2,4,"0,1,4",2,2,5,5
15,"0,2,3|1,4",2,4,"0,2,3",2,3,5,5
15,"0,2,3|1,4",2,4,"0,2,4",2,3,5,5
15,"0,2,3|1,4",2,4,"0,3,4",2,3,5,5
15,"0,2,3|1,4",2,4,"1,2,3",2,3,5,5
15,"0,2,3|1,4",2,4,"1,2,4",2,2,5,5
15,"0,2,3|1,4",2,4,"1,3,4",2,2,5,5
15,"0,2,3|1,4",2,4,"2,3,4",2,3,5,5
16,"0,2,3|1|4",3,0,"0,1,2",3,3,5,5
16,"0,2,3|1|4",3,0,"0,1,3",3,3,5,5
16,"0,2,3|1|4",3,0,"0,1,4",3,0,5,5
16,"0,2,3|1|4",3,0,"0,2,3",3,3,5,5
16,"0,2,3|1|4",3,0,"0,2,4",3,3,5,5
16,"0,2,3|1|4",3,0,"0,3,4",3,3,5,5
16,"0,2,3|1|4",3,0,"1,2,3",3,3,5,5
16,"0,2,3|1|4",3,0,"1,2,4",3,0,5,5
16,"0,2,3|1|4",3,0,"1,3,4",3,0,5,5
16,"0,2,3|1|4",3,0,"2,3,4",3,3,5,5
16,"0,2,3|1|4",3,1,"0,1,2",1,3,5,5
16,"0,2,3|1|4",3,1,"0,1,3",1,3,5,5
16,"0,2,3|1|4",3,1,"0,1,4",1,0,5,5
16,"0,2,3|1|4",3,1,"0,2,3",1,3,5,5
16,"0,2,3|1|4",3,1,"0,2,4",1,3,5,5
16,"0,2,3|1|4",3,1,"0,3,4",1,3,5,5
16,"0,2,3|1|4",3,1,"1,2,3",1,3,5,5
16,"0,2,3|1|4",3,1,"1,2,4",1,0,5,5
16,"0,2,3|1|4",3,1,"1,3,4",1,0,5,5
16,"0,2,3|1|4",3,1,"2,3,4",1,3,5,5
16,"0,2,3|1|4",3,2,"0,1,2",3,3,5,5
16,"0,2,3|1|4",3,2,"0,1,3",3,3,5,5
16,"0,2,3|1|4",3,2,"0,1,4",3,0,5,5
16,"0,2,3|1|4",3,2,"0,2,3",3,3,5,5
16,"0,2,3|1|4",3,2,"0,2,4",3,3,5,5
16,"0,2,3|1|4",3,2,"0,3,4",3,3,5,5
16,"0,2,3|1|4",3,2,"1,2,3",3,3,5,5
16,"0,2,3|1|4",3,2,"1,2,4",3,0,5,5
16,"0,2,3|1|4",3,2,"1,3,4",3,0,5,5
16,"0,2,3|1|4",3,2,"2,3,4",3,3,5,5
16,"0,2,3|1|4",3,3,"0,1,2",3,3,5,5
16,"0,2,3|1|4",3,3,"0,1,3",3,3,5,5
16,"0,2,3|1|4",3,3,"0,1,4",3,0,5,5
16,"0,2,3|1|4",3,3,"0,2,3",3,3,5,5
16,"0,2,3|1|4",3,3,"0,2,4",3,3,5,5
16,"0,2,3|1|4",3,3,"0,3,4",3,3,5,5
16,"0,2,3|1|4",3,3,"1,2,3",3,3,5,5
16,"0,2,3|1|4",3,3,"1,2,4",3,0,5,5
16,"0,2,3|1|4",3,3,"1,3,4",3,0,5,5
16,"0,2,3|1|4",3,3,"2,3,4",3,3,5,5
16,"0,2,3|1|4",3,4,"0,1,2",1,3,5,5
16,"0,2,3|1|4",3,4,"0,1,3",1,3,5,5
16,"0,2,3|1|4",3,4,"0,1,4",1,0,5,5
16,"0,2,3|1|4",3,4,"0,2,3",1,3,5,5
16,"0,2,3|1|4",3,4,"0,2,4",1,3,5,5
16,"0,2,3|1|4",3,4,"0,3,4",1,3,5,5
16,"0,2,3|1|4",3,4,"1,2,3",1,3,5,5
16,"0,2,3|1|4",3,4,"1,2,4",1,0,5,5
16,"0,2,3|1|4",3,4,"1,3,4",1,0,5,5
16,"0,2,3|1|4",3,4,"2,3,4",1,3,5,5
17,"0,2,4|1,3",2,0,"0,1,2",3,3,5,5
17,"0,2,4|1,3",2,0,"0,1,3",3,2,5,5
17,"0,2,4|1,3",2,0,"0,1,4",3,3,5,5
17,"0,2,4|1,3",2,0,"0,2,3",3,3,5,5
17,"0,2,4|1,3",2,0,"0,2,4",3,3,5,5
17,"0,2,4|1,3",2,0,"0,3,4",3,3,5,5
17,"0,2,4|1,3",2,0,"1,2,3",3,2,5,5
17,"0,2,4|1,3",2,0,"1,2,4",3,3,5,5
17,"0,2,4|1,3",2,0,"1,3,4",3,2,5,5
17,"0,2,4|1,3",2,0,"2,3,4",3,3,5,5
17,"0,2,4|1,3",2,1,"0,1,2",2,3,5,5
17,"0,2,4|1,3",2,1,"0,1,3",2,2,5,5
17,"0,2,4|1,3",2,1,"0,1,4",2,3,5,5
17,"0,2,4|1,3",2,1,"0,2,3",2,3,5,5
17,"0,2,4|1,3",2,1,"0,2,4",2,3,5,5
17,"0,2,4|1,3",2,1,"0,3,4",2,3,5,5
17,"0,2,4|1,3",2,1,"1,2,3",2,2,5,5
17,"0,2,4|1,3",2,1,"1,2,4",2,3,5,5
17,"0,2,4|1,3",2,1,"1,3,4",2,2,5,5
17,"0,2,4|1,3",2,1,"2,3,4",2,3,5,5
17,"0,2,4|1,3",2,2,"0,1,2",3,3,5,5
17,"0,2,4|1,3",2,2,"0,1,3",3,2,5,5
17,"0,2,4|1,3",2,2,"0,1,4",3,3,5,5
17,"0,2,4|1,3",2,2,"0,2,3",3,3,5,5
17,"0,2,4|1,3",2,2,"0,2,4",3,3,5,5
17,"0,2,4|1,3",2,2,"0,3,4",3,3,5,5
17,"0,2,4|1,3",2,2,"1,2,3",3,2,5,5
17,"0,2,4|1,3",2,2,"1,2,4",3,3,5,5
17,"0,2,4|1,3",2,2,"1,3,4",3,2,5,5
17,"0,2,4|1,3",2,2,"2,3,4",3,3,5,5
17,"0,2,4|1,3",2,3,"0,1,2",2,3,5,5
17,"0,2,4|1,3",2,3,"0,1,3",2,2,5,5
17,"0,2,4|1,3",2,3,"0,1,4",2,3,5,5
17,"0,2,4|1,3",2,3,"0,2,3",2,3,5,5
17,"0,2,4|1,3",2,3,"0,2,4",2,3,5,5
17,"0,2,4|1,3",2,3,"0,3,4",2,3,5,5
17,"0,2,4|1,3",2,3,"1,2,3",2,2,5,5
17,"0,2,4|1,3",2,3,"1,2,4",2,3,5,5
17,"0,2,4|1,3",2,3,"1,3,4",2,2,5,5
17,"0,2,4|1,3",2,3,"2,3,4",2,3,5,5
17,"0,2,4|1,3",2,4,"0,1,2",3,3,5,5
17,"0,2,4|1,3",2,4,"0,1,3",3,2,5,5
17,"0,2,4|1,3",2,4,"0,1,4",3,3,5,5
17,"0,2,4|1,3",2,4,"0,2,3",3,3,5,5
17,"0,2,4|1,3",2,4,"0,2,4",3,3,5,5
17,"0,2,4|1,3",2,4,"0,3,4",3,3,5,5
17,"0,2,4|1,3",2,4,"1,2,3",3,2,5,5
17,"0,2,4|1,3",2,4,"1,2,4",3,3,5,5
17,"0,2,4|1,3",2,4,"1,3,4",3,2,5,5
17,"0,2,4|1,3",2,4,"2,3,4",3,3,5,5
18,"0,2|1,3,4",2,0,"0,1,2",2,2,5,5
18,"0,2|1,3,4",2,0,"0,1,3",2,3,5,5
18,"0,2|1,3,4",2,0,"0,1,4",2,3,5,5
18,"0,2|1,3,4",2,0,"0,2,3",2,2,5,5
18,"0,2|1,3,4",2,0,"0,2,4",2,2,5,5
18,"0,2|1,3,4",2,0,"0,3,4",2,3,5,5
18,"0,2|1,3,4",2,0,"1,2,3",2,3,5,5
18,"0,2|1,3,4",2,0,"1,2,4",2,3,5,5
18,"0,2|1,3,4",2,0,"1,3,4",2,3,5,5
18,"0,2|1,3,4",2,0,"2,3,4",2,3,5,5
18,"0,2|1,3,4",2,1,"0,1,2",3,2,5,5
18,"0,2|1,3,4",2,1,"0,1,3",3,3,5,5
18,"0,2|1,3,4",2,1,"0,1,4",3,3,5,5
18,"0,2|1,3,4",2,1,"0,2,3",3,2,5,5
18,"0,2|1,3,4",2,1,"0,2,4",3,2,5,5
18,"0,2|1,3,4",2,1,"0,3,4",3,3,5,5
18,"0,2|1,3,4",2,1,"1,2,3",3,3,5,5
18,"0,2|1,3,4",2,1,"1,2,4",3,3,5,5
18,"0,2|1,3,4",2,1,"1,3,4",3,3,5,5
18,"0,2|1,3,4",2,1,"2,3,4",3,3,5,5
18,"0,2|1,3,4",2,2,"0,1,2",2,2,5,5
18,"0,2|1,3,4",2,2,"0,1,3",2,3,5,5
18,"0,2|1,3,4",2,2,"0,1,4",2,3,5,5
18,"0,2|1,3,4",2,2,"0,2,3",2,2,5,5
18,"0,2|1,3,4",2,2,"0,2,4",2,2,5,5
18,"0,2|1,3,4",2,2,"0,3,4",2,3,5,5
18,"0,2|1,3,4",2,2,"1,2,3",2,3,5,5
18,"0,2|1,3,4",2,2,"1,2,4",2,3,5,5
18,"0,2|1,3,4",2,2,"1,3,4",2,3,5,5
18,"0,2|1,3,4",2,2,"2,3,4",2,3,5,5
18,"0,2|1,3,4",2,3,"0,1,2",3,2,5,5
18,"0,2|1,3,4",2,3,"0,1,3",3,3,5,5
18,"0,2|1,3,4",2,3,"0,1,4",3,3,5,5
18,"0,2|1,3,4",2,3,"0,2,3",3,2,5,5
18,"0,2|1,3,4",2,3,"0,2,4",3,2,5,5
18,"0,2|1,3,4",2,3,"0,3,4",3,3,5,5
18,"0,2|1,3,4",2,3,"1,2,3",3,3,5,5
18,"0,2|1,3,4",2,3,"1,2,4",3,3,5,5
18,"0,2|1,3,4",2,3,"1,3,4",3,3,5,5
18,"0,2|1,3,4",2,3,"2,3,4",3,3,5,5
18,"0,2|1,3,4",2,4,"0,1,2",3,2,5,5
18,"0,2|1,3,4",2,4,"0,1,3",3,3,5,5
18,"0,2|1,3,4",2,4,"0,1,4",3,3,5,5
18,"0,2|1,3,4",2,4,"0,2,3",3,2,5,5
18,"0,2|1,3,4",2,4,"0,2,4",3,2,5,5
18,"0,2|1,3,4",2,4,"0,3,4",3,3,5,5
18,"0,2|1,3,4",2,4,"1,2,3",3,3,5,5
18,"0,2|1,3,4",2,4,"1,2,4",3,3,5,5
18,"0,2|1,3,4",2,4,"1,3,4",3,3,5,5
18,"0,2|1,3,4",2,4,"2,3,4",3,3,5,5
19,"0,2|1,3|4",3,0,"0,1,2",2,2,5,5
19,"0,2|1,3|4",3,0,"0,1,3",2,2,5,5
19,"0,2|1,3|4",3,0,"0,1,4",2,0,5,5
19,"0,2|1,3|4",3,0,"0,2,3",2,2,5,5
19,"0,2|1,3|4",3,0,"0,2,4",2,2,5,5
19,"0,2|1,3|4",3,0,"0,3,4",2,0,5,5
19,"0,2|1,3|4",3,0,"1,2,3",2,2,5,5
19,"0,2|1,3|4",3,0,"1,2,4",2,0,5,5
19,"0,2|1,3|4",3,0,"1,3,4",2,2,5,5
19,"0,2|1,3|4",3,0,"2,3,4",2,0,5,5
19,"0,2|1,3|4",3,1,"0,1,2",2,2,5,5
19,"0,2|1,3|4",3,1,"0,1,3",2,2,5,5
19,"0,2|1,3|4",3,1,"0,1,4",2,0,5,5
19,"0,2|1,3|4",3,1,"0,2,3",2,2,5,5
19,"0,2|1,3|4",3,1,"0,2,4",2,2,5,5
19,"0,2|1,3|4",3,1,"0,3,4",2,0,5,5
19,"0,2|1,3|4",3,1,"1,2,3",2,2,5,5
19,"0,2|1,3|4",3,1,"1,2,4",2,0,5,5
19,"0,2|1,3|4",3,1,"1,3,4",2,2,5,5
19,"0,2|1,3|4",3,1,"2,3,4",2,0,5,5
19,"0,2|1,3|4",3,2,"0,1,2",2,2,5,5
19,"0,2|1,3|4",3,2,"0,1,3",2,2,5,5
19,"0,2|1,3|4",3,2,"0,1,4",2,0,5,5
19,"0,2|1,3|4",3,2,"0,2,3",2,2,5,5
19,"0,2|1,3|4",3,2,"0,2,4",2,2,5,5
19,"0,2|1,3|4",3,2,"0,3,4",2,0,5,5
19,"0,2|1,3|4",3,2,"1,2,3",2,2,5,5
19,"0,2|1,3|4",3,2,"1,2,4",2,0,5,5
19,"0,2|1,3|4",3,2,"1,3,4",2,2,5,5
19,"0,2|1,3|4",3,2,"2,3,4",2,0,5,5
19,"0,2|1,3|4",3,3,"0,1,2",2,2,5,5
19,"0,2|1,3|4",3,3,"0,1,3",2,2,5,5
19,"0,2|1,3|4",3,3,"0,1,4",2,0,5,5
19,"0,2|1,3|4",3,3,"0,2,3",2,2,5,5
19,"0,2|1,3|4",3,3,"0,2,4",2,2,5,5
19,"0,2|1,3|4",3,3,"0,3,4",2,0,5,5
19,"0,2|1,3|4",3,3,"1,2,3",2,2,5,5
19,"0,2|1,3|4",3,3,"1,2,4",2,0,5,5
19,"0,2|1,3|4",3,3,"1,3,4",2,2,5,5
19,"0,2|1,3|4",3,3,"2,3,4",2,0,5,5
19,"0,2|1,3|4",3,4,"0,1,2",1,2,5,5
19,"0,2|1,3|4",3,4,"0,1,3",1,2,5,5
19,"0,2|1,3|4",3,4,"0,1,4",1,0,5,5
19,"0,2|1,3|4",3,4,"0,2,3",1,2,5,5
19,"0,2|1,3|4",3,4,"0,2,4",1,2,5,5
19,"0,2|1,3|4",3,4,"0,3,4",1,0,5,5
19,"0,2|1,3|4",3,4,"1,2,3",1,2,5,5
19,"0,2|1,3|4",3,4,"1,2,4",1,0,5,5
19,"0,2|1,3|4",3,4,"1,3,4",1,2,5,5
19,"0,2|1,3|4",3,4,"2,3,4",1,0,5,5
20,"0,2,4|1|3",3,0,"0,1,2",3,3,5,5
20,"0,2,4|1|3",3,0,"0,1,3",3,0,5,5
20,"0,2,4|1|3",3,0,"0,1,4",3,3,5,5
20,"0,2,4|1|3",3,0,"0,2,3",3,3,5,5
20,"0,2,4|1|3",3,0,"0,2,4",3,3,5,5
20,"0,2,4|1|3",3,0,"0,3,4",3,3,5,5
20,"0,2,4|1|3",3,0,"1,2,3",3,0,5,5
20,"0,2,4|1|3",3,0,"1,2,4",3,3,5,5
20,"0,2,4|1|3",3,0,"1,3,4",3,0,5,5
20,"0,2,4|1|3",3,0,"2,3,4",3,3,5,5
20,"0,2,4|1|3",3,1,"0,1,2",1,3,5,5
20,"0,2,4|1|3",3,1,"0,1,3",1,0,5,5
20,"0,2,4|1|3",3,1,"0,1,4",1,3,5,5
20,"0,2,4|1|3",3,1,"0,2,3",1,3,5,5
20,"0,2,4|1|3",3,1,"0,2,4",1,3,5,5
20,"0,2,4|1|3",3,1,"0,3,4",1,3,5,5
20,"0,2,4|1|3",3,1,"1,2,3",1,0,5,5
20,"0,2,4|1|3",3,1,"1,2,4",1,3,5,5
20,"0,2,4|1|3",3,1,"1,3,4",1,0,5,5
20,"0,2,4|1|3",3,1,"2,3,4",1,3,5,5
20,"0,2,4|1|3",3,2,"0,1,2",3,3,5,5
20,"0,2,4|1|3",3,2,"0,1,3",3,0,5,5
20,"0,2,4|1|3",3,2,"0,1,4",3,3,5,5
20,"0,2,4|1|3",3,2,"0,2,3",3,3,5,5
20,"0,2,4|1|3",3,2,"0,2,4",3,3,5,5
20,"0,2,4|1|3",3,2,"0,3,4",3,3,5,5
20,"0,2,4|1|3",3,2,"1,2,3",3,0,5,5
20,"0,2,4|1|3",3,2,"1,2,4",3,3,5,5
20,"0,2,4|1|3",3,2,"1,3,4",3,0,5,5
20,"0,2,4|1|3",3,2,"2,3,4",3,3,5,5
20,"0,2,4|1|3",3,3,"0,1,2",1,3,5,5
20,"0,2,4|1|3",3,3,"0,1,3",1,0,5,5
20,"0,2,4|1|3",3,3,"0,1,4",1,3,5,5
20,"0,2,4|1|3",3,3,"0,2,3",1,3,5,5
20,"0,2,4|1|3",3,3,"0,2,4",1,3,5,5
20,"0,2,4|1|3",3,3,"0,3,4",1,3,5,5
20,"0,2,4|1|3",3,3,"1,2,3",1,0,5,5
20,"0,2,4|1|3",3,3,"1,2,4",1,3,5,5
20,"0,2,4|1|3",3,3,"1,3,4",1,0,5,5
20,"0,2,4|1|3",3,3,"2,3,4",1,3,5,5
20,"0,2,4|1|3",3,4,"0,1,2",3,3,5,5
20,"0,2,4|1|3",3,4,"0,1,3",3,0,5,5
20,"0,2,4|1|3",3,4,"0,1,4",3,3,5,5
20,"0,2,4|1|3",3,4,"0,2,3",3,3,5,5
20,"0,2,4|1|3",3,4,"0,2,4",3,3,5,5
20,"0,2,4|1|3",3,4,"0,3,4",3,3,5,5
20,"0,2,4|1|3",3,4,"1,2,3",3,0,5,5
20,"0,2,4|1|3",3,4,"1,2,4",3,3,5,5
20,"0,2,4|1|3",3,4,"1,3,4",3,0,5,5
20,"0,2,4|1|3",3,4,"2,3,4",3,3,5,5
21,"0,2|1,4|3",3,0,"0,1,2",2,2,5,5
21,"0,2|1,4|3",3,0,"0,1,3",2,0,5,5
21,"0,2|1,4|3",3,0,"0,1,4",2,2,5,5
21,"0,2|1,4|3",3,0,"0,2,3",2,2,5,5
21,"0,2|1,4|3",3,0,"0,2,4",2,2,5,5
21,"0,2|1,4|3",3,0,"0,3,4",2,0,5,5
21,"0,2|1,4|3",3,0,"1,2,3",2,0,5,5
21,"0,2|1,4|3",3,0,"1,2,4",2,2,5,5
21,"0,2|1,4|3",3,0,"1,3,4",2,2,5,5
21,"0,2|1,4|3",3,0,"2,3,4",2,0,5,5
21,"0,2|1,4|3",3,1,"0,1,2",2,2,5,5
21,"0,2|1,4|3",3,1,"0,1,3",2,0,5,5
21,"0,2|1,4|3",3,1,"0,1,4",2,2,5,5
21,"0,2|1,4|3",3,1,"0,2,3",2,2,5,5
21,"0,2|1,4|3",3,1,"0,2,4",2,2,5,5
21,"0,2|1,4|3",3,1,"0,3,4",2,0,5,5
21,"0,2|1,4|3",3,1,"1,2,3",2,0,5,5
21,"0,2|1,4|3",3,1,"1,2,4",2,2,5,5
21,"0,2|1,4|3",3,1,"1,3,4",2,2,5,5
21,"0,2|1,4|3",3,1,"2,3,4",2,0,5,5
21,"0,2|1,4|3",3,2,"0,1,2",2,2,5,5
21,"0,2|1,4|3",3,2,"0,1,3",2,0,5,5
21,"0,2|1,4|3",3,2,"0,1,4",2,2,5,5
21,"0,2|1,4|3",3,2,"0,2,3",2,2,5,5
21,"0,2|1,4|3",3,2,"0,2,4",2,2,5,5
21,"0,2|1,4|3",3,2,"0,3,4",2,0,5,5
21,"0,2|1,4|3",3,2,"1,2,3",2,0,5,5
21,"0,2|1,4|3",3,2,"1,2,4",2,2,5,5
21,"0,2|1,4|3",3,2,"1,3,4",2,2,5,5
21,"0,2|1,4|3",3,2,"2,3,4",2,0,5,5
21,"0,2|1,4|3",3,3,"0,1,2",1,2,5,5
21,"0,2|1,4|3",3,3,"0,1,3",1,0,5,5
21,"0,2|1,4|3",3,3,"0,1,4",1,2,5,5
21,"0,2|1,4|3",3,3,"0,2,3",1,2,5,5
21,"0,2|1,4|3",3,3,"0,2,4",1,2,5,5
21,"0,2|1,4|3",3,3,"0,3,4",1,0,5,5
21,"0,2|1,4|3",3,3,"1,2,3",1,0,5,5
21,"0,2|1,4|3",3,3,"1,2,4",1,2,5,5
21,"0,2|1,4|3",3,3,"1,3,4",1,2,5,5
21,"0,2|1,4|3",3,3,"2,3,4",1,0,5,5
21,"0,2|1,4|3",3,4,"0,1,2",2,2,5,5
21,"0,2|1,4|3",3,4,"0,1,3",2,0,5,5
21,"0,2|1,4|3",3,4,"0,1,4",2,2,5,5
21,"0,2|1,4|3",3,4,"0,2,3",2,2,5,5
21,"0,2|1,4|3",3,4,"0,2,4",2,2,5,5
21,"0,2|1,4|3",3,4,"0,3,4",2,0,5,5
21,"0,2|1,4|3",3,4,"1,2,3",2,0,5,5
21,"0,2|1,4|3",3,4,"1,2,4",2,2,5,5
21,"0,2|1,4|3",3,4,"1,3,4",2,2,5,5
21,"0,2|1,4|3",3,4,"2,3,4",2,0,5,5
22,"0,2|1|3,4",3,0,"0,1,2",2,2,5,5
22,"0,2|1|3,4",3,0,"0,1,3",2,0,5,5
22,"0,2|1|3,4",3,0,"0,1,4",2,0,5,5
22,"0,2|1|3,4",3,0,"0,2,3",2,2,5,5
22,"0,2|1|3,4",3,0,"0,2,4",2,2,5,5
22,"0,2|1|3,4",3,0,"0,3,4",2,2,5,5
22,"0,2|1|3,4",3,0,"1,2,3",2,0,5,5
22,"0,2|1|3,4",3,0,"1,2,4",2,0,5,5
22,"0,2|1|3,4",3,0,"1,3,4",2,2,5,5
22,"0,2|1|3,4",3,0,"2,3,4",2,2,5,5
22,"0,2|1|3,4",3,1,"0,1,2",1,2,5,5
22,"0,2|1|3,4",3,1,"0,1,3",1,0,5,5
22,"0,2|1|3,4",3,1,"0,1,4",1,0,5,5
22,"0,2|1|3,4",3,1,"0,2,3",1,2,5,5
22,"0,2|1|3,4",3,1,"0,2,4",1,2,5,5
22,"0,2|1|3,4",3,1,"0,3,4",1,2,5,5
22,"0,2|1|3,4",3,1,"1,2,3",1,0,5,5
22,"0,2|1|3,4",3,1,"1,2,4",1,0,5,5
22,"0,2|1|3,4",3,1,"1,3,4",1,2,5,5
22,"0,2|1|3,4",3,1,"2,3,4",1,2,5,5
22,"0,2|1|3,4",3,2,"0,1,2",2,2,5,5
22,"0,2|1|3,4",3,2,"0,1,3",2,0,5,5
22,"0,2|1|3,4",3,2,"0,1,4",2,0,5,5
22,"0,2|1|3,4",3,2,"0,2,3",2,2,5,5
22,"0,2|1|3,4",3,2,"0,2,4",2,2,5,5
22,"0,2|1|3,4",3,2,"0,3,4",2,2,5,5
22,"0,2|1|3,4",3,2,"1,2,3",2,0,5,5
22,"0,2|1|3,4",3,2,"1,2,4",2,0,5,5
22,"0,2|1|3,4",3,2,"1,3,4",2,2,5,5
22,"0,2|1|3,4",3,2,"2,3,4",2,2,5,5
22,"0,2|1|3,4",3,3,"0,1,2",2,2,5,5
22,"0,2|1|3,4",3,3,"0,1,3",2,0,5,5
22,"0,2|1|3,4",3,3,"0,1,4",2,0,5,5
22,"0,2|1|3,4",3,3,"0,2,3",2,2,5,5
22,"0,2|1|3,4",3,3,"0,2,4",2,2,5,5
22,"0,2|1|3,4",3,3,"0,3,4",2,2,5,5
22,"0,2|1|3,4",3,3,"1,2,3",2,0,5,5
22,"0,2|1|3,4",3,3,"1,2,4",2,0,5,5
22,"0,2|1|3,4",3,3,"1,3,4",2,2,5,5
22,"0,2|1|3,4",3,3,"2,3,4",2,2,5,5
22,"0,2|1|3,4",3,4,"0,1,2",2,2,5,5
22,"0,2|1|3,4",3,4,"0,1,3",2,0,5,5
22,"0,2|1|3,4",3,4,"0,1,4",2,0,5,5
22,"0,2|1|3,4",3,4,"0,2,3",2,2,5,5
22,"0,2|1|3,4",3,4,"0,2,4",2,2,5,5
22,"0,2|1|3,4",3,4,"0,3,4",2,2,5,5
22,"0,2|1|3,4",3,4,"1,2,3",2,0,5,5
22,"0,2|1|3,4",3,4,"1,2,4",2,0,5,5
22,"0,2|1|3,4",3,4,"1,3,4",2,2,5,5
22,"0,2|1|3,4",3,4,"2,3,4",2,2,5,5
23,"0,2|1|3|4",4,0,"0,1,2",2,2,5,5
23,"0,2|1|3|4",4,0,"0,1,3",2,0,5,5
23,"0,2|1|3|4",4,0,"0,1,4",2,0,5,5
23,"0,2|1|3|4",4,0,"0,2,3",2,2,5,5
23,"0,2|1|3|4",4,0,"0,2,4",2,2,5,5
23,"0,2|1|3|4",4,0,"0,3,4",2,0,5,5
23,"0,2|1|3|4",4,0,"1,2,3",2,0,5,5
23,"0,2|1|3|4",4,0,"1,2,4",2,0,5,5
23,"0,2|1|3|4",4,0,"1,3,4",2,0,5,5
23,"0,2|1|3|4",4,0,"2,3,4",2,0,5,5
23,"0,2|1|3|4",4,1,"0,1,2",1,2,5,5
23,"0,2|1|3|4",4,1,"0,1,3",1,0,5,5
23,"0,2|1|3|4",4,1,"0,1,4",1,0,5,5
23,"0,2|1|3|4",4,1,"0,2,3",1,2,5,5
23,"0,2|1|3|4",4,1,"0,2,4",1,2,5,5
23,"0,2|1|3|4",4,1,"0,3,4",1,0,5,5
23,"0,2|1|3|4",4,1,"1,2,3",1,0,5,5
23,"0,2|1|3|4",4,1,"1,2,4",1,0,5,5
23,"0,2|1|3|4",4,1,"1,3,4",1,0,5,5
23,"0,2|1|3|4",4,1,"2,3,4",1,0,5,5
23,"0,2|1|3|4",4,2,"0,1,2",2,2,5,5
23,"0,2|1|3|4",4,2,"0,1,3",2,0,5,5
23,"0,2|1|3|4",4,2,"0,1,4",2,0,5,5
23,"0,2|1|3|4",4,2,"0,2,3",2,2,5,5
23,"0,2|1|3|4",4,2,"0,2,4",2,2,5,5
23,"0,2|1|3|4",4,2,"0,3,4",2,0,5,5
23,"0,2|1|3|4",4,2,"1,2,3",2,0,5,5
23,"0,2|1|3|4",4,2,"1,2,4",2,0,5,5
23,"0,2|1|3|4",4,2,"1,3,4",2,0,5,5
23,"0,2|1|3|4",4,2,"2,3,4",2,0,5,5
23,"0,2|1|3|4",4,3,"0,1,2",1,2,5,5
23,"0,2|1|3|4",4,3,"0,1,3",1,0,5,5
23,"0,2|1|3|4",4,3,"0,1,4",1,0,5,5
23,"0,2|1|3|4",4,3,"0,2,3",1,2,5,5
23,"0,2|1|3|4",4,3,"0,2,4",1,2,5,5
23,"0,2|1|3|4",4,3,"0,3,4",1,0,5,5
23,"0,2|1|3|4",4,3,"1,2,3",1,0,5,5
23,"0,2|1|3|4",4,3,"1,2,4",1,0,5,5
23,"0,2|1|3|4",4,3,"1,3,4",1,0,5,5
23,"0,2|1|3|4",4,3,"2,3,4",1,0,5,5
23,"0,2|1|3|4",4,4,"0,1,2",1,2,5,5
23,"0,2|1|3|4",4,4,"0,1,3",1,0,5,5
23,"0,2|1|3|4",4,4,"0,1,4",1,0,5,5
23,"0,2|1|3|4",4,4,"0,2,3",1,2,5,5
23,"0,2|1|3|4",4,4,"0,2,4",1,2,5,5
23,"0,2|1|3|4",4,4,"0,3,4",1,0,5,5
23,"0,2|1|3|4",4,4,"1,2,3",1,0,5,5
23,"0,2|1|3|4",4,4,"1,2,4",1,0,5,5
23,"0,2|1|3|4",4,4,"1,3,4",1,0,5,5
23,"0,2|1|3|4",4,4,"2,3,4",1,0,5,5
24,"0,3,4|1,2",2,0,"0,1,2",3,2,5,5
24,"0,3,4|1,2",2,0,"0,1,3",3,3,5,5
24,"0,3,4|1,2",2,0,"0,1,4",3,3,5,5
24,"0,3,4|1,2",2,0,"0,2,3",3,3,5,5
24,"0,3,4|1,2",2,0,"0,2,4",3,3,5,5
24,"0,3,4|1,2",2,0,"0,3,4",3,3,5,5
24,"0,3,4|1,2",2,0,"1,2,3",3,2,5,5
24,"0,3,4|1,2",2,0,"1,2,4",3,2,5,5
24,"0,3,4|1,2",2,0,"1,3,4",3,3,5,5
24,"0,3,4|1,2",2,0,"2,3,4",3,3,5,5
24,"0,3,4|1,2",2,1,"0,1,2",2,2,5,5
24,"0,3,4|1,2",2,1,"0,1,3",2,3,5,5
24,"0,3,4|1,2",2,1,"0,1,4",2,3,5,5
24,"0,3,4|1,2",2,1,"0,2,3",2,3,5,5
24,"0,3,4|1,2",2,1,"0,2,4",2,3,5,5
24,"0,3,4|1,2",2,1,"0,3,4",2,3,5,5
24,"0,3,4|1,2",2,1,"1,2,3",2,2,5,5
24,"0,3,4|1,2",2,1,"1,2,4",2,2,5,5
24,"0,3,4|1,2",2,1,"1,3,4",2,3,5,5
24,"0,3,4|1,2",2,1,"2,3,4",2,3,5,5
24,"0,3,4|1,2",2,2,"0,1,2",2,2,5,5
24,"0,3,4|1,2",2,2,"0,1,3",2,3,5,5
24,"0,3,4|1,2",2,2,"0,1,4",2,3,5,5
24,"0,3,4|1,2",2,2,"0,2,3",2,3,5,5
24,"0,3,4|1,2",2,2,"0,2,4",2,3,5,5
24,"0,3,4|1,2",2,2,"0,3,4",2,3,5,5
24,"0,3,4|1,2",2,2,"1,2,3",2,2,5,5
24,"0,3,4|1,2",2,2,"1,2,4",2,2,5,5
24,"0,3,4|1,2",2,2,"1,3,4",2,3,5,5
24,"0,3,4|1,2",2,2,"2,3,4",2,3,5,5
24,"0,3,4|1,2",2,3,"0,1,2",3,2,5,5
24,"0,3,4|1,2",2,3,"0,1,3",3,3,5,5
24,"0,3,4|1,2",2,3,"0,1,4",3,3,5,5
24,"0,3,4|1,2",2,3,"0,2,3",3,3,5,5
24,"0,3,4|1,2",2,3,"0,2,4",3,3,5,5
24,"0,3,4|1,2",2,3,"0,3,4",3,3,5,5
24,"0,3,4|1,2",2,3,"1,2,3",3,2,5,5
24,"0,3,4|1,2",2,3,"1,2,4",3,2,5,5
24,"0,3,4|1,2",2,3,"1,3,4",3,3,5,5
24,"0,3,4|1,2",2,3,"2,3,4",3,3,5,5
24,"0,3,4|1,2",2,4,"0,1,2",3,2,5,5
24,"0,3,4|1,2",2,4,"0,1,3",3,3,5,5
24,"0,3,4|1,2",2,4,"0,1,4",3,3,5,5
24,"0,3,4|1,2",2,4,"0,2,3",3,3,5,5
24,"0,3,4|1,2",2,4,"0,2,4",3,3,5,5
24,"0,3,4|1,2",2,4,"0,3,4",3,3,5,5
24,"0,3,4|1,2",2,4,"1,2,3",3,2,5,5
24,"0,3,4|1,2",2,4,"1,2,4",3,2,5,5
24,"0,3,4|1,2",2,4,"1,3,4",3,3,5,5
24,"0,3,4|1,2",2,4,"2,3,4",3,3,5,5
25,"0,3|1,2,4",2,0,"0,1,2",2,3,5,5
25,"0,3|1,2,4",2,0,"0,1,3",2,2,5,5
25,"0,3|1,2,4",2,0,"0,1,4",2,3,5,5
25,"0,3|1,2,4",2,0,"0,2,3",2,2,5,5
25,"0,3|1,2,4",2,0,"0,2,4",2,3,5,5
25,"0,3|1,2,4",2,0,"0,3,4",2,2,5,5
25,"0,3|1,2,4",2,0,"1,2,3",2,3,5,5
25,"0,3|1,2,4",2,0,"1,2,4",2,3,5,5
25,"0,3|1,2,4",2,0,"1,3,4",2,3,5,5
25,"0,3|1,2,4",2,0,"2,3,4",2,3,5,5
25,"0,3|1,2,4",2,1,"0,1,2",3,3,5,5
25,"0,3|1,2,4",2,1,"0,1,3",3,2,5,5
25,"0,3|1,2,4",2,1,"0,1,4",3,3,5,5
25,"0,3|1,2,4",2,1,"0,2,3",3,2,5,5
25,"0,3|1,2,4",2,1,"0,2,4",3,3,5,5
25,"0,3|1,2,4",2,1,"0,3,4",3,2,5,5
25,"0,3|1,2,4",2,1,"1,2,3",3,3,5,5
25,"0,3|1,2,4",2,1,"1,2,4",3,3,5,5
25,"0,3|1,2,4",2,1,"1,3,4",3,3,5,5
25,"0,3|1,2,4",2,1,"2,3,4",3,3,5,5
25,"0,3|1,2,4",2,2,"0,1,2",3,3,5,5
25,"0,3|1,2,4",2,2,"0,1,3",3,2,5,5
25,"0,3|1,2,4",2,2,"0,1,4",3,3,5,5
25,"0,3|1,2,4",2,2,"0,2,3",3,2,5,5
25,"0,3|1,2,4",2,2,"0,2,4",3,3,5,5
25,"0,3|1,2,4",2,2,"0,3,4",3,2,5,5
25,"0,3|1,2,4",2,2,"1,2,3",3,3,5,5
25,"0,3|1,2,4",2,2,"1,2,4",3,3,5,5
25,"0,3|1,2,4",2,2,"1,3,4",3,3,5,5
25,"0,3|1,2,4",2,2,"2,3,4",3,3,5,5
25,"0,3|1,2,4",2,3,"0,1,2",2,3,5,5
25,"0,3|1,2,4",2,3,"0,1,3",2,2,5,5
25,"0,3|1,2,4",2,3,"0,1,4",2,3,5,5
25,"0,3|1,2,4",2,3,"0,2,3",2,2,5,5
25,"0,3|1,2,4",2,3,"0,2,4",2,3,5,5
25,"0,3|1,2,4",2,3,"0,3,4",2,2,5,5
25,"0,3|1,2,4",2,3,"1,2,3",2,3,5,5
25,"0,3|1,2,4",2,3,"1,2,4",2,3,5,5
25,"0,3|1,2,4",2,3,"1,3,4",2,3,5,5
25,"0,3|1,2,4",2,3,"2,3,4",2,3,5,5
25,"0,3|1,2,4",2,4,"0,1,2",3,3,5,5
25,"0,3|1,2,4",2,4,"0,1,3",3,2,5,5
25,"0,3|1,2,4",2,4,"0,1,4",3,3,5,5
25,"0,3|1,2,4",2,4,"0,2,3",3,2,5,5
25,"0,3|1,2,4",2,4,"0,2,4",3,3,5,5
25,"0,3|1,2,4",2,4,"0,3,4",3,2,5,5
25,"0,3|1,2,4",2,4,"1,2,3",3,3,5,5
25,"0,3|1,2,4",2,4,"1,2,4",3,3,5,5
25,"0,3|1,2,4",2,4,"1,3,4",3,3,5,5
25,"0,3|1,2,4",2,4,"2,3,4",3,3,5,5
26,"0,3|1,2|4",3,0,"0,1,2",2,2,5,5
26,"0,3|1,2|4",3,0,"0,1,3",2,2,5,5
26,"0,3|1,2|4",3,0,"0,1,4",2,0,5,5
26,"0,3|1,2|4",3,0,"0,2,3",2,2,5,5
26,"0,3|1,2|4",3,0,"0,2,4",2,0,5,5
26,"0,3|1,2|4",3,0,"0,3,4",2,2,5,5
26,"0,3|1,2|4",3,0,"1,2,3",2,2,5,5
26,"0,3|1,2|4",3,0,"1,2,4",2,2,5,5
26,"0,3|1,2|4",3,0,"1,3,4",2,0,5,5
26,"0,3|1,2|4",3,0,"2,3,4",2,0,5,5
26,"0,3|1,2|4",3,1,"0,1,2",2,2,5,5
26,"0,3|1,2|4",3,1,"0,1,3",2,2,5,5
26,"0,3|1,2|4",3,1,"0,1,4",2,0,5,5
26,"0,3|1,2|4",3,1,"0,2,3",2,2,5,5
26,"0,3|1,2|4",3,1,"0,2,4",2,0,5,5
26,"0,3|1,2|4",3,1,"0,3,4",2,2,5,5
26,"0,3|1,2|4",3,1,"1,2,3",2,2,5,5
26,"0,3|1,2|4",3,1,"1,2,4",2,2,5,5
26,"0,3|1,2|4",3,1,"1,3,4",2,0,5,5
26,"0,3|1,2|4",3,1,"2,3,4",2,0,5,5
26,"0,3|1,2|4",3,2,"0,1,2",2,2,5,5
26,"0,3|1,2|4",3,2,"0,1,3",2,2,5,5
26,"0,3|1,2|4",3,2,"0,1,4",2,0,5,5
26,"0,3|1,2|4",3,2,"0,2,3",2,2,5,5
26,"0,3|1,2|4",3,2,"0,2,4",2,0,5,5
26,"0,3|1,2|4",3,2,"0,3,4",2,2,5,5
26,"0,3|1,2|4",3,2,"1,2,3",2,2,5,5
26,"0,3|1,2|4",3,2,"1,2,4",2,2,5,5
26,"0,3|1,2|4",3,2,"1,3,4",2,0,5,5
26,"0,3|1,2|4",3,2,"2,3,4",2,0,5,5
26,"0,3|1,2|4",3,3,"0,1,2",2,2,5,5
26,"0,3|1,2|4",3,3,"0,1,3",2,2,5,5
26,"0,3|1,2|4",3,3,"0,1,4",2,0,5,5
26,"0,3|1,2|4",3,3,"0,2,3",2,2,5,5
26,"0,3|1,2|4",3,3,"0,2,4",2,0,5,5
26,"0,3|1,2|4",3,3,"0,3,4",2,2,5,5
26,"0,3|1,2|4",3,3,"1,2,3",2,2,5,5
26,"0,3|1,2|4",3,3,"1,2,4",2,2,5,5
26,"0,3|1,2|4",3,3,"1,3,4",2,0,5,5
26,"0,3|1,2|4",3,3,"2,3,4",2,0,5,5
26,"0,3|1,2|4",3,4,"0,1,2",1,2,5,5
26,"0,3|1,2|4",3,4,"0,1,3",1,2,5,5
26,"0,3|1,2|4",3,4,"0,1,4",1,0,5,5
26,"0,3|1,2|4",3,4,"0,2,3",1,2,5,5
26,"0,3|1,2|4",3,4,"0,2,4",1,0,5,5
26,"0,3|1,2|4",3,4,"0,3,4",1,2,5,5
26,"0,3|1,2|4",3,4,"1,2,3",1,2,5,5
26,"0,3|1,2|4",3,4,"1,2,4",1,2,5,5
26,"0,3|1,2|4",3,4,"1,3,4",1,0,5,5
26,"0,3|1,2|4",3,4,"2,3,4",1,0,5,5
27,"0,4|1,2,3",2,0,"0,1,2",2,3,5,5
27,"0,4|1,2,3",2,0,"0,1,3",2,3,5,5
27,"0,4|1,2,3",2,0,"0,1,4",2,2,5,5
27,"0,4|1,2,3",2,0,"0,2,3",2,3,5,5
27,"0,4|1,2,3",2,0,"0,2,4",2,2,5,5
27,"0,4|1,2,3",2,0,"0,3,4",2,2,5,5
27,"0,4|1,2,3",2,0,"1,2,3",2,3,5,5
27,"0,4|1,2,3",2,0,"1,2,4",2,3,5,5
27,"0,4|1,2,3",2,0,"1,3,4",2,3,5,5
27,"0,4|1,2,3",2,0,"2,3,4",2,3,5,5
27,"0,4|1,2,3",2,1,"0,1,2",3,3,5,5
27,"0,4|1,2,3",2,1,"0,1,3",3,3,5,5
27,"0,4|1,2,3",2,1,"0,1,4",3,2,5,5
27,"0,4|1,2,3",2,1,"0,2,3",3,3,5,5
27,"0,4|1,2,3",2,1,"0,2,4",3,2,5,5
27,"0,4|1,2,3",2,1,"0,3,4",3,2,5,5
27,"0,4|1,2,3",2,1,"1,2,3",3,3,5,5
27,"0,4|1,2,3",2,1,"1,2,4",3,3,5,5
27,"0,4|1,2,3",2,1,"1,3,4",3,3,5,5
27,"0,4|1,2,3",2,1,"2,3,4",3,3,5,5
27,"0,4|1,2,3",2,2,"0,1,2",3,3,5,5
27,"0,4|1,2,3",2,2,"0,1,3",3,3,5,5
27,"0,4|1,2,3",2,2,"0,1,4",3,2,5,5
27,"0,4|1,2,3",2,2,"0,2,3",3,3,5,5
27,"0,4|1,2,3",2,2,"0,2,4",3,2,5,5
27,"0,4|1,2,3",2,2,"0,3,4",3,2,5,5
27,"0,4|1,2,3",2,2,"1,2,3",3,3,5,5
27,"0,4|1,2,3",2,2,"1,2,4",3,3,5,5
27,"0,4|1,2,3",2,2,"1,3,4",3,3,5,5
27,"0,4|1,2,3",2,2,"2,3,4",3,3,5,5
27,"0,4|1,2,3",2,3,"0,1,2",3,3,5,5
27,"0,4|1,2,3",2,3,"0,1,3",3,3,5,5
27,"0,4|1,2,3",2,3,"0,1,4",3,2,5,5
27,"0,4|1,2,3",2,3,"0,2,3",3,3,5,5
27,"0,4|1,2,3",2,3,"0,2,4",3,2,5,5
27,"0,4|1,2,3",2,3,"0,3,4",3,2,5,5
27,"0,4|1,2,3",2,3,"1,2,3",3,3,5,5
27,"0,4|1,2,3",2,3,"1,2,4",3,3,5,5
27,"0,4|1,2,3",2,3,"1,3,4",3,3,5,5
27,"0,4|1,2,3",2,3,"2,3,4",3,3,5,5
27,"0,4|1,2,3",2,4,"0,1,2",2,3,5,5
27,"0,4|1,2,3",2,4,"0,1,3",2,3,5,5
27,"0,4|1,2,3",2,4,"0,1,4",2,2,5,5
27,"0,4|1,2,3",2,4,"0,2,3",2,3,5,5
27,"0,4|1,2,3",2,4,"0,2,4",2,2,5,5
27,"0,4|1,2,3",2,4,"0,3,4",2,2,5,5
27,"0,4|1,2,3",2,4,"1,2,3",2,3,5,5
27,"0,4|1,2,3",2,4,"1,2,4",2,3,5,5
27,"0,4|1,2,3",2,4,"1,3,4",2,3,5,5
27,"0,4|1,2,3",2,4,"2,3,4",2,3,5,5
28,"0|1,2,3,4",2,0,"0,1,2",1,4,5,5
28,"0|1,2,3,4",2,0,"0,1,3",1,4,5,5
28,"0|1,2,3,4",2,0,"0,1,4",1,4,5,5
28,"0|1,2,3,4",2,0,"0,2,3",1,4,5,5
28,"0|1,2,3,4",2,0,"0,2,4",1,4,5,5
28,"0|1,2,3,4",2,0,"0,3,4",1,4,5,5
28,"0|1,2,3,4",2,0,"1,2,3",1,4,5,5
28,"0|1,2,3,4",2,0,"1,2,4",1,4,5,5
28,"0|1,2,3,4",2,0,"1,3,4",1,4,5,5
28,"0|1,2,3,4",2,0,"2,3,4",1,4,5,5
28,"0|1,2,3,4",2,1,"0,1,2",4,4,5,5
28,"0|1,2,3,4",2,1,"0,1,3",4,4,5,5
28,"0|1,2,3,4",2,1,"0,1,4",4,4,5,5
28,"0|1,2,3,4",2,1,"0,2,3",4,4,5,5
28,"0|1,2,3,4",2,1,"0,2,4",4,4,5,5
28,"0|1,2,3,4",2,1,"0,3,4",4,4,5,5
28,"0|1,2,3,4",2,1,"1,2,3",4,4,5,5
28,"0|1,2,3,4",2,1,"1,2,4",4,4,5,5
28,"0|1,2,3,4",2,1,"1,3,4",4,4,5,5
28,"0|1,2,3,4",2,1,"2,3,4",4,4,5,5
28,"0|1,2,3,4",2,2,"0,1,2",4,4,5,5
28,"0|1,2,3,4",2,2,"0,1,3",4,4,5,5
28,"0|1,2,3,4",2,2,"0,1,4",4,4,5,5
28,"0|1,2,3,4",2,2,"0,2,3",4,4,5,5
28,"0|1,2,3,4",2,2,"0,2,4",4,4,5,5
28,"0|1,2,3,4",2,2,"0,3,4",4,4,5,5
28,"0|1,2,3,4",2,2,"1,2,3",4,4,5,5
28,"0|1,2,3,4",2,2,"1,2,4",4,4,5,5
28,"0|1,2,3,4",2,2,"1,3,4",4,4,5,5
28,"0|1,2,3,4",2,2,"2,3,4",4,4,5,5
28,"0|1,2,3,4",2,3,"0,1,2",4,4,5,5
28,"0|1,2,3,4",2,3,"0,1,3",4,4,5,5
28,"0|1,2,3,4",2,3,"0,1,4",4,4,5,5
28,"0|1,2,3,4",2,3,"0,2,3",4,4,5,5
28,"0|1,2,3,4",2,3,"0,2,4",4,4,5,5
28,"0|1,2,3,4",2,3,"0,3,4",4,4,5,5
28,"0|1,2,3,4",2,3,"1,2,3",4,4,5,5
28,"0|1,2,3,4",2,3,"1,2,4",4,4,5,5
28,"0|1,2,3,4",2,3,"1,3,4",4,4,5,5
28,"0|1,2,3,4",2,3,"2,3,4",4,4,5,5
28,"0|1,2,3,4",2,4,"0,1,2",4,4,5,5
28,"0|1,2,3,4",2,4,"0,1,3",4,4,5,5
28,"0|1,2,3,4",2,4,"0,1,4",4,4,5,5
28,"0|1,2,3,4",2,4,"0,2,3",4,4,5,5
28,"0|1,2,3,4",2,4,"0,2,4",4,4,5,5
28,"0|1,2,3,4",2,4,"0,3,4",4,4,5,5
28,"0|1,2,3,4",2,4,"1,2,3",4,4,5,5
28,"0|1,2,3,4",2,4,"1,2,4",4,4,5,5
28,"0|1,2,3,4",2,4,"1,3,4",4,4,5,5
28,"0|1,2,3,4",2,4,"2,3,4",4,4,5,5
29,"0|1,2,3|4",3,0,"0,1,2",1,3,5,5
29,"0|1,2,3|4",3,0,"0,1,3",1,3,5,5
29,"0|1,2,3|4",3,0,"0,1,4",1,0,5,5
29,"0|1,2,3|4",3,0,"0,2,3",1,3,5,5
29,"0|1,2,3|4",3,0,"0,2,4",1,0,5,5
29,"0|1,2,3|4",3,0,"0,3,4",1,0,5,5
29,"0|1,2,3|4",3,0,"1,2,3",1,3,5,5
29,"0|1,2,3|4",3,0,"1,2,4",1,3,5,5
29,"0|1,2,3|4",3,0,"1,3,4",1,3,5,5
29,"0|1,2,3|4",3,0,"2,3,4",1,3,5,5
29,"0|1,2,3|4",3,1,"0,1,2",3,3,5,5
29,"0|1,2,3|4",3,1,"0,1,3",3,3,5,5
29,"0|1,2,3|4",3,1,"0,1,4",3,0,5,5
29,"0|1,2,3|4",3,1,"0,2,3",3,3,5,5
29,"0|1,2,3|4",3,1,"0,2,4",3,0,5,5
29,"0|1,2,3|4",3,1,"0,3,4",3,0,5,5
29,"0|1,2,3|4",3,1,"1,2,3",3,3,5,5
29,"0|1,2,3|4",3,1,"1,2,4",3,3,5,5
29,"0|1,2,3|4",3,1,"1,3,4",3,3,5,5
29,"0|1,2,3|4",3,1,"2,3,4",3,3,5,5
29,"0|1,2,3|4",3,2,"0,1,2",3,3,5,5
29,"0|1,2,3|4",3,2,"0,1,3",3,3,5,5
29,"0|1,2,3|4",3,2,"0,1,4",3,0,5,5
29,"0|1,2,3|4",3,2,"0,2,3",3,3,5,5
29,"0|1,2,3|4",3,2,"0,2,4",3,0,5,5
29,"0|1,2,3|4",3,2,"0,3,4",3,0,5,5
29,"0|1,2,3|4",3,2,"1,2,3",3,3,5,5
29,"0|1,2,3|4",3,2,"1,2,4",3,3,5,5
29,"0|1,2,3|4",3,2,"1,3,4",3,3,5,5
29,"0|1,2,3|4",3,2,"2,3,4",3,3,5,5
29,"0|1,2,3|4",3,3,"0,1,2",3,3,5,5
29,"0|1,2,3|4",3,3,"0,1,3",3,3,5,5
29,"0|1,2,3|4",3,3,"0,1,4",3,0,5,5
29,"0|1,2,3|4",3,3,"0,2,3",3,3,5,5
29,"0|1,2,3|4",3,3,"0,2,4",3,0,5,5
29,"0|1,2,3|4",3,3,"0,3,4",3,0,5,5
29,"0|1,2,3|4",3,3,"1,2,3",3,3,5,5
29,"0|1,2,3|4",3,3,"1,2,4",3,3,5,5
29,"0|1,2,3|4",3,3,"1,3,4",3,3,5,5
29,"0|1,2,3|4",3,3,"2,3,4",3,3,5,5
29,"0|1,2,3|4",3,4,"0,1,2",1,3,5,5
29,"0|1,2,3|4",3,4,"0,1,3",1,3,5,5
29,"0|1,2,3|4",3,4,"0,1,4",1,0,5,5
29,"0|1,2,3|4",3,4,"0,2,3",1,3,5,5
29,"0|1,2,3|4",3,4,"0,2,4",1,0,5,5
29,"0|1,2,3|4",3,4,"0,3,4",1,0,5,5
29,"0|1,2,3|4",3,4,"1,2,3",1,3,5,5
29,"0|1,2,3|4",3,4,"1,2,4",1,3,5,5
29,"0|1,2,3|4",3,4,"1,3,4",1,3,5,5
29,"0|1,2,3|4",3,4,"2,3,4",1,3,5,5
30,"0,4|1,2|3",3,0,"0,1,2",2,2,5,5
30,"0,4|1,2|3",3,0,"0,1,3",2,0,5,5
30,"0,4|1,2|3",3,0,"0,1,4",2,2,5,5
30,"0,4|1,2|3",3,0,"0,2,3",2,0,5,5
30,"0,4|1,2|3",3,0,"0,2,4",2,2,5,5
30,"0,4|1,2|3",3,0,"0,3,4",2,2,5,5
30,"0,4|1,2|3",3,0,"1,2,3",2,2,5,5
30,"0,4|1,2|3",3,0,"1,2,4",2,2,5,5
30,"0,4|1,2|3",3,0,"1,3,4",2,0,5,5
30,"0,4|1,2|3",3,0,"2,3,4",2,0,5,5
30,"0,4|1,2|3",3,1,"0,1,2",2,2,5,5
30,"0,4|1,2|3",3,1,"0,1,3",2,0,5,5
30,"0,4|1,2|3",3,1,"0,1,4",2,2,5,5
30,"0,4|1,2|3",3,1,"0,2,3",2,0,5,5
30,"0,4|1,2|3",3,1,"0,2,4",2,2,5,5
30,"0,4|1,2|3",3,1,"0,3,4",2,2,5,5
30,"0,4|1,2|3",3,1,"1,2,3",2,2,5,5
30,"0,4|1,2|3",3,1,"1,2,4",2,2,5,5
30,"0,4|1,2|3",3,1,"1,3,4",2,0,5,5
30,"0,4|1,2|3",3,1,"2,3,4",2,0,5,5
30,"0,4|1,2|3",3,2,"0,1,2",2,2,5,5
30,"0,4|1,2|3",3,2,"0,1,3",2,0,5,5
30,"0,4|1,2|3",3,2,"0,1,4",2,2,5,5
30,"0,4|1,2|3",3,2,"0,2,3",2,0,5,5
30,"0,4|1,2|3",3,2,"0,2,4",2,2,5,5
30,"0,4|1,2|3",3,2,"0,3,4",2,2,5,5
30,"0,4|1,2|3",3,2,"1,2,3",2,2,5,5
30,"0,4|1,2|3",3,2,"1,2,4",2,2,5,5
30,"0,4|1,2|3",3,2,"1,3,4",2,0,5,5
30,"0,4|1,2|3",3,2,"2,3,4",2,0,5,5
30,"0,4|1,2|3",3,3,"0,1,2",1,2,5,5
30,"0,4|1,2|3",3,3,"0,1,3",1,0,5,5
30,"0,4|1,2|3",3,3,"0,1,4",1,2,5,5
30,"0,4|1,2|3",3,3,"0,2,3",1,0,5,5
30,"0,4|1,2|3",3,3,"0,2,4",1,2,5,5
30,"0,4|1,2|3",3,3,"0,3,4",1,2,5,5
30,"0,4|1,2|3",3,3,"1,2,3",1,2,5,5
30,"0,4|1,2|3",3,3,"1,2,4",1,2,5,5
30,"0,4|1,2|3",3,3,"1,3,4",1,0,5,5
30,"0,4|1,2|3",3,3,"2,3,4",1,0,5,5
30,"0,4|1,2|3",3,4,"0,1,2",2,2,5,5
30,"0,4|1,2|3",3,4,"0,1,3",2,0,5,5
30,"0,4|1,2|3",3,4,"0,1,4",2,2,5,5
30,"0,4|1,2|3",3,4,"0,2,3",2,0,5,5
30,"0,4|1,2|3",3,4,"0,2,4",2,2,5,5
30,"0,4|1,2|3",3,4,"0,3,4",2,2,5,5
30,"0,4|1,2|3",3,4,"1,2,3",2,2,5,5
30,"0,4|1,2|3",3,4,"1,2,4",2,2,5,5
30,"0,4|1,2|3",3,4,"1,3,4",2,0,5,5
30,"0,4|1,2|3",3,4,"2,3,4",2,0,5,5
31,"0|1,2,4|3",3,0,"0,1,2",1,3,5,5
31,"0|1,2,4|3",3,0,"0,1,3",1,0,5,5
31,"0|1,2,4|3",3,0,"0,1,4",1,3,5,5
31,"0|1,2,4|3",3,0,"0,2,3",1,0,5,5
31,"0|1,2,4|3",3,0,"0,2,4",1,3,5,5
31,"0|1,2,4|3",3,0,"0,3,4",1,0,5,5
31,"0|1,2,4|3",3,0,"1,2,3",1,3,5,5
31,"0|1,2,4|3",3,0,"1,2,4",1,3,5,5
31,"0|1,2,4|3",3,0,"1,3,4",1,3,5,5
31,"0|1,2,4|3",3,0,"2,3,4",1,3,5,5
31,"0|1,2,4|3",3,1,"0,1,2",3,3,5,5
31,"0|1,2,4|3",3,1,"0,1,3",3,0,5,5
31,"0|1,2,4|3",3,1,"0,1,4",3,3,5,5
31,"0|1,2,4|3",3,1,"0,2,3",3,0,5,5
31,"0|1,2,4|3",3,1,"0,2,4",3,3,5,5
31,"0|1,2,4|3",3,1,"0,3,4",3,0,5,5
31,"0|1,2,4|3",3,1,"1,2,3",3,3,5,5
31,"0|1,2,4|3",3,1,"1,2,4",3,3,5,5
31,"0|1,2,4|3",3,1,"1,3,4",3,3,5,5
31,"0|1,2,4|3",3,1,"2,3,4",3,3,5,5
31,"0|1,2,4|3",3,2,"0,1,2",3,3,5,5
31,"0|1,2,4|3",3,2,"0,1,3",3,0,5,5
31,"0|1,2,4|3",3,2,"0,1,4",3,3,5,5
31,"0|1,2,4|3",3,2,"0,2,3",3,0,5,5
31,"0|1,2,4|3",3,2,"0,2,4",3,3,5,5
31,"0|1,2,4|3",3,2,"0,3,4",3,0,5,5
31,"0|1,2,4|3",3,2,"1,2,3",3,3,5,5
31,"0|1,2,4|3",3,2,"1,2,4",3,3,5,5
31,"0|1,2,4|3",3,2,"1,3,4",3,3,5,5
31,"0|1,2,4|3",3,2,"2,3,4",3,3,5,5
31,"0|1,2,4|3",3,3,"0,1,2",1,3,5,5
31,"0|1,2,4|3",3,3,"0,1,3",1,0,5,5
31,"0|1,2,4|3",3,3,"0,1,4",1,3,5,5
31,"0|1,2,4|3",3,3,"0,2,3",1,0,5,5
31,"0|1,2,4|3",3,3,"0,2,4",1,3,5,5
31,"0|1,2,4|3",3,3,"0,3,4",1,0,5,5
31,"0|1,2,4|3",3,3,"1,2,3",1,3,5,5
31,"0|1,2,4|3",3,3,"1,2,4",1,3,5,5
31,"0|1,2,4|3",3,3,"1,3,4",1,3,5,5
31,"0|1,2,4|3",3,3,"2,3,4",1,3,5,5
31,"0|1,2,4|3",3,4,"0,1,2",3,3,5,5
31,"0|1,2,4|3",3,4,"0,1,3",3,0,5,5
31,"0|1,2,4|3",3,4,"0,1,4",3,3,5,5
31,"0|1,2,4|3",3,4,"0,2,3",3,0,5,5
31,"0|1,2,4|3",3,4,"0,2,4",3,3,5,5
31,"0|1,2,4|3",3,4,"0,3,4",3,0,5,5
31,"0|1,2,4|3",3,4,"1,2,3",3,3,5,5
31,"0|1,2,4|3",3,4,"1,2,4",3,3,5,5
31,"0|1,2,4|3",3,4,"1,3,4",3,3,5,5
31,"0|1,2,4|3",3,4,"2,3,4",3,3,5,5
32,"0|1,2|3,4",3,0,"0,1,2",1,2,5,5
32,"0|1,2|3,4",3,0,"0,1,3",1,0,5,5
32,"0|1,2|3,4",3,0,"0,1,4",1,0,5,5
32,"0|1,2|3,4",3,0,"0,2,3",1,0,5,5
32,"0|1,2|3,4",3,0,"0,2,4",1,0,5,5
32,"0|1,2|3,4",3,0,"0,3,4",1,2,5,5
32,"0|1,2|3,4",3,0,"1,2,3",1,2,5,5
32,"0|1,2|3,4",3,0,"1,2,4",1,2,5,5
32,"0|1,2|3,4",3,0,"1,3,4",1,2,5,5
32,"0|1,2|3,4",3,0,"2,3,4",1,2,5,5
32,"0|1,2|3,4",3,1,"0,1,2",2,2,5,5
32,"0|1,2|3,4",3,1,"0,1,3",2,0,5,5
32,"0|1,2|3,4",3,1,"0,1,4",2,0,5,5
32,"0|1,2|3,4",3,1,"0,2,3",2,0,5,5
32,"0|1,2|3,4",3,1,"0,2,4",2,0,5,5
32,"0|1,2|3,4",3,1,"0,3,4",2,2,5,5
32,"0|1,2|3,4",3,1,"1,2,3",2,2,5,5
32,"0|1,2|3,4",3,1,"1,2,4",2,2,5,5
32,"0|1,2|3,4",3,1,"1,3,4",2,2,5,5
32,"0|1,2|3,4",3,1,"2,3,4",2,2,5,5
32,"0|1,2|3,4",3,2,"0,1,2",2,2,5,5
32,"0|1,2|3,4",3,2,"0,1,3",2,0,5,5
32,"0|1,2|3,4",3,2,"0,1,4",2,0,5,5
32,"0|1,2|3,4",3,2,"0,2,3",2,0,5,5
32,"0|1,2|3,4",3,2,"0,2,4",2,0,5,5
32,"0|1,2|3,4",3,2,"0,3,4",2,2,5,5
32,"0|1,2|3,4",3,2,"1,2,3",2,2,5,5
32,"0|1,2|3,4",3,2,"1,2,4",2,2,5,5
32,"0|1,2|3,4",3,2,"1,3,4",2,2,5,5
32,"0|1,2|3,4",3,2,"2,3,4",2,2,5,5
32,"0|1,2|3,4",3,3,"0,1,2",2,2,5,5
32,"0|1,2|3,4",3,3,"0,1,3",2,0,5,5
32,"0|1,2|3,4",3,3,"0,1,4",2,0,5,5
32,"0|1,2|3,4",3,3,"0,2,3",2,0,5,5
32,"0|1,2|3,4",3,3,"0,2,4",2,0,5,5
32,"0|1,2|3,4",3,3,"0,3,4",2,2,5,5
32,"0|1,2|3,4",3,3,"1,2,3",2,2,5,5
32,"0|1,2|3,4",3,3,"1,2,4",2,2,5,5
32,"0|1,2|3,4",3,3,"1,3,4",2,2,5,5
32,"0|1,2|3,4",3,3,"2,3,4",2,2,5,5
32,"0|1,2|3,4",3,4,"0,1,2",2,2,5,5
32,"0|1,2|3,4",3,4,"0,1,3",2,0,5,5
32,"0|1,2|3,4",3,4,"0,1,4",2,0,5,5
32,"0|1,2|3,4",3,4,"0,2,3",2,0,5,5
32,"0|1,2|3,4",3,4,"0,2,4",2,0,5,5
32,"0|1,2|3,4",3,4,"0,3,4",2,2,5,5
32,"0|1,2|3,4",3,4,"1,2,3",2,2,5,5
32,"0|1,2|3,4",3,4,"1,2,4",2,2,5,5
32,"0|1,2|3,4",3,4,"1,3,4",2,2,5,5
32,"0|1,2|3,4",3,4,"2,3,4",2,2,5,5
33,"0|1,2|3|4",4,0,"0,1,2",1,2,5,5
33,"0|1,2|3|4",4,0,"0,1,3",1,0,5,5
33,"0|1,2|3|4",4,0,"0,1,4",1,0,5,5
33,"0|1,2|3|4",4,0,"0,2,3",1,0,5,5
33,"0|1,2|3|4",4,0,"0,2,4",1,0,5,5
33,"0|1,2|3|4",4,0,"0,3,4",1,0,5,5
33,"0|1,2|3|4",4,0,"1,2,3",1,2,5,5
33,"0|1,2|3|4",4,0,"1,2,4",1,2,5,5
33,"0|1,2|3|4",4,0,"1,3,4",1,0,5,5
33,"0|1,2|3|4",4,0,"2,3,4",1,0,5,5
33,"0|1,2|3|4",4,1,"0,1,2",2,2,5,5
33,"0|1,2|3|4",4,1,"0,1,3",2,0,5,5
33,"0|1,2|3|4",4,1,"0,1,4",2,0,5,5
33,"0|1,2|3|4",4,1,"0,2,3",2,0,5,5
33,"0|1,2|3|4",4,1,"0,2,4",2,0,5,5
33,"0|1,2|3|4",4,1,"0,3,4",2,0,5,5
33,"0|1,2|3|4",4,1,"1,2,3",2,2,5,5
33,"0|1,2|3|4",4,1,"1,2,4",2,2,5,5
33,"0|1,2|3|4",4,1,"1,3,4",2,0,5,5
33,"0|1,2|3|4",4,1,"2,3,4",2,0,5,5
33,"0|1,2|3|4",4,2,"0,1,2",2,2,5,5
33,"0|1,2|3|4",4,2,"0,1,3",2,0,5,5
33,"0|1,2|3|4",4,2,"0,1,4",2,0,5,5
33,"0|1,2|3|4",4,2,"0,2,3",2,0,5,5
33,"0|1,2|3|4",4,2,"0,2,4",2,0,5,5
33,"0|1,2|3|4",4,2,"0,3,4",2,0,5,5
33,"0|1,2|3|4",4,2,"1,2,3",2,2,5,5
33,"0|1,2|3|4",4,2,"1,2,4",2,2,5,5
33,"0|1,2|3|4",4,2,"1,3,4",2,0,5,5
33,"0|1,2|3|4",4,2,"2,3,4",2,0,5,5
33,"0|1,2|3|4",4,3,"0,1,2",1,2,5,5
33,"0|1,2|3|4",4,3,"0,1,3",1,0,5,5
33,"0|1,2|3|4",4,3,"0,1,4",1,0,5,5
33,"0|1,2|3|4",4,3,"0,2,3",1,0,5,5
33,"0|1,2|3|4",4,3,"0,2,4",1,0,5,5
33,"0|1,2|3|4",4,3,"0,3,4",1,0,5,5
33,"0|1,2|3|4",4,3,"1,2,3",1,2,5,5
33,"0|1,2|3|4",4,3,"1,2,4",1,2,5,5
33,"0|1,2|3|4",4,3,"1,3,4",1,0,5,5
33,"0|1,2|3|4",4,3,"2,3,4",1,0,5,5
33,"0|1,2|3|4",4,4,"0,1,2",1,2,5,5
33,"0|1,2|3|4",4,4,"0,1,3",1,0,5,5
33,"0|1,2|3|4",4,4,"0,1,4",1,0,5,5
33,"0|1,2|3|4",4,4,"0,2,3",1,0,5,5
33,"0|1,2|3|4",4,4,"0,2,4",1,0,5,5
33,"0|1,2|3|4",4,4,"0,3,4",1,0,5,5
33,"0|1,2|3|4",4,4,"1,2,3",1,2,5,5
33,"0|1,2|3|4",4,4,"1,2,4",1,2,5,5
33,"0|1,2|3|4",4,4,"1,3,4",1,0,5,5
33,"0|1,2|3|4",4,4,"2,3,4",1,0,5,5
34,"0,3,4|1|2",3,0,"0,1,2",3,0,5,5
34,"0,3,4|1|2",3,0,"0,1,3",3,3,5,5
34,"0,3,4|1|2",3,0,"0,1,4",3,3,5,5
34,"0,3,4|1|2",3,0,"0,2,3",3,3,5,5
34,"0,3,4|1|2",3,0,"0,2,4",3,3,5,5
34,"0,3,4|1|2",3,0,"0,3,4",3,3,5,5
34,"0,3,4|1|2",3,0,"1,2,3",3,0,5,5
34,"0,3,4|1|2",3,0,"1,2,4",3,0,5,5
34,"0,3,4|1|2",3,0,"1,3,4",3,3,5,5
34,"0,3,4|1|2",3,0,"2,3,4",3,3,5,5
34,"0,3,4|1|2",3,1,"0,1,2",1,0,5,5
34,"0,3,4|1|2",3,1,"0,1,3",1,3,5,5
34,"0,3,4|1|2",3,1,"0,1,4",1,3,5,5
34,"0,3,4|1|2",3,1,"0,2,3",1,3,5,5
34,"0,3,4|1|2",3,1,"0,2,4",1,3,5,5
34,"0,3,4|1|2",3,1,"0,3,4",1,3,5,5
34,"0,3,4|1|2",3,1,"1,2,3",1,0,5,5
34,"0,3,4|1|2",3,1,"1,2,4",1,0,5,5
34,"0,3,4|1|2",3,1,"1,3,4",1,3,5,5
34,"0,3,4|1|2",3,1,"2,3,4",1,3,5,5
34,"0,3,4|1|2",3,2,"0,1,2",1,0,5,5
34,"0,3,4|1|2",3,2,"0,1,3",1,3,5,5
34,"0,3,4|1|2",3,2,"0,1,4",1,3,5,5
34,"0,3,4|1|2",3,2,"0,2,3",1,3,5,5
34,"0,3,4|1|2",3,2,"0,2,4",1,3,5,5
34,"0,3,4|1|2",3,2,"0,3,4",1,3,5,5
34,"0,3,4|1|2",3,2,"1,2,3",1,0,5,5
34,"0,3,4|1|2",3,2,"1,2,4",1,0,5,5
34,"0,3,4|1|2",3,2,"1,3,4",1,3,5,5
34,"0,3,4|1|2",3,2,"2,3,4",1,3,5,5
34,"0,3,4|1|2",3,3,"0,1,2",3,0,5,5
34,"0,3,4|1|2",3,3,"0,1,3",3,3,5,5
34,"0,3,4|1|2",3,3,"0,1,4",3,3,5,5
34,"0,3,4|1|2",3,3,"0,2,3",3,3,5,5
34,"0,3,4|1|2",3,3,"0,2,4",3,3,5,5
34,"0,3,4|1|2",3,3,"0,3,4",3,3,5,5
34,"0,3,4|1|2",3,3,"1,2,3",3,0,5,5
34,"0,3,4|1|2",3,3,"1,2,4",3,0,5,5
34,"0,3,4|1|2",3,3,"1,3,4",3,3,5,5
34,"0,3,4|1|2",3,3,"2,3,4",3,3,5,5
34,"0,3,4|1|2",3,4,"0,1,2",3,0,5,5
34,"0,3,4|1|2",3,4,"0,1,3",3,3,5,5
34,"0,3,4|1|2",3,4,"0,1,4",3,3,5,5
34,"0,3,4|1|2",3,4,"0,2,3",3,3,5,5
34,"0,3,4|1|2",3,4,"0,2,4",3,3,5,5
34,"0,3,4|1|2",3,4,"0,3,4",3,3,5,5
34,"0,3,4|1|2",3,4,"1,2,3",3,0,5,5
34,"0,3,4|1|2",3,4,"1,2,4",3,0,5,5
34,"0,3,4|1|2",3,4,"1,3,4",3,3,5,5
34,"0,3,4|1|2",3,4,"2,3,4",3,3,5,5
35,"0,3|1,4|2",3,0,"0,1,2",2,0,5,5
35,"0,3|1,4|2",3,0,"0,1,3",2,2,5,5
35,"0,3|1,4|2",3,0,"0,1,4",2,2,5,5
35,"0,3|1,4|2",3,0,"0,2,3",2,2,5,5
35,"0,3|1,4|2",3,0,"0,2,4",2,0,5,5
35,"0,3|1,4|2",3,0,"0,3,4",2,2,5,5
35,"0,3|1,4|2",3,0,"1,2,3",2,0,5,5
35,"0,3|1,4|2",3,0,"1,2,4",2,2,5,5
35,"0,3|1,4|2",3,0,"1,3,4",2,2,5,5
35,"0,3|1,4|2",3,0,"2,3,4",2,0,5,5
35,"0,3|1,4|2",3,1,"0,1,2",2,0,5,5
35,"0,3|1,4|2",3,1,"0,1,3",2,2,5,5
35,"0,3|1,4|2",3,1,"0,1,4",2,2,5,5
35,"0,3|1,4|2",3,1,"0,2,3",2,2,5,5
35,"0,3|1,4|2",3,1,"0,2,4",2,0,5,5
35,"0,3|1,4|2",3,1,"0,3,4",2,2,5,5
35,"0,3|1,4|2",3,1,"1,2,3",2,0,5,5
35,"0,3|1,4|2",3,1,"1,2,4",2,2,5,5
35,"0,3|1,4|2",3,1,"1,3,4",2,2,5,5
35,"0,3|1,4|2",3,1,"2,3,4",2,0,5,5
35,"0,3|1,4|2",3,2,"0,1,2",1,0,5,5
35,"0,3|1,4|2",3,2,"0,1,3",1,2,5,5
35,"0,3|1,4|2",3,2,"0,1,4",1,2,5,5
35,"0,3|1,4|2",3,2,"0,2,3",1,2,5,5
35,"0,3|1,4|2",3,2,"0,2,4",1,0,5,5
35,"0,3|1,4|2",3,2,"0,3,4",1,2,5,5
35,"0,3|1,4|2",3,2,"1,2,3",1,0,5,5
35,"0,3|1,4|2",3,2,"1,2,4",1,2,5,5
35,"0,3|1,4|2",3,2,"1,3,4",1,2,5,5
35,"0,3|1,4|2",3,2,"2,3,4",1,0,5,5
35,"0,3|1,4|2",3,3,"0,1,2",2,0,5,5
35,"0,3|1,4|2",3,3,"0,1,3",2,2,5,5
35,"0,3|1,4|2",3,3,"0,1,4",2,2,5,5
35,"0,3|1,4|2",3,3,"0,2,3",2,2,5,5
35,"0,3|1,4|2",3,3,"0,2,4",2,0,5,5
35,"0,3|1,4|2",3,3,"0,3,4",2,2,5,5
35,"0,3|1,4|2",3,3,"1,2,3",2,0,5,5
35,"0,3|1,4|2",3,3,"1,2,4",2,2,5,5
35,"0,3|1,4|2",3,3,"1,3,4",2,2,5,5
35,"0,3|1,4|2",3,3,"2,3,4",2,0,5,5
35,"0,3|1,4|2",3,4,"0,1,2",2,0,5,5
35,"0,3|1,4|2",3,4,"0,1,3",2,2,5,5
35,"0,3|1,4|2",3,4,"0,1,4",2,2,5,5
35,"0,3|1,4|2",3,4,"0,2,3",2,2,5,5
35,"0,3|1,4|2",3,4,"0,2,4",2,0,5,5
35,"0,3|1,4|2",3,4,"0,3,4",2,2,5,5
35,"0,3|1,4|2",3,4,"1,2,3",2,0,5,5
35,"0,3|1,4|2",3,4,"1,2,4",2,2,5,5
35,"0,3|1,4|2",3,4,"1,3,4",2,2,5,5
35,"0,3|1,4|2",3,4,"2,3,4",2,0,5,5
36,"0,3|1|2,4",3,0,"0,1,2",2,0,5,5
36,"0,3|1|2,4",3,0,"0,1,3",2,2,5,5
36,"0,3|1|2,4",3,0,"0,1,4",2,0,5,5
36,"0,3|1|2,4",3,0,"0,2,3",2,2,5,5
36,"0,3|1|2,4",3,0,"0,2,4",2,2,5,5
36,"0,3|1|2,4",3,0,"0,3,4",2,2,5,5
36,"0,3|1|2,4",3,0,"1,2,3",2,0,5,5
36,"0,3|1|2,4",3,0,"1,2,4",2,2,5,5
36,"0,3|1|2,4",3,0,"1,3,4",2,0,5,5
36,"0,3|1|2,4",3,0,"2,3,4",2,2,5,5
36,"0,3|1|2,4",3,1,"0,1,2",1,0,5,5
36,"0,3|1|2,4",3,1,"0,1,3",1,2,5,5
36,"0,3|1|2,4",3,1,"0,1,4",1,0,5,5
36,"0,3|1|2,4",3,1,"0,2,3",1,2,5,5
36,"0,3|1|2,4",3,1,"0,2,4",1,2,5,5
36,"0,3|1|2,4",3,1,"0,3,4",1,2,5,5
36,"0,3|1|2,4",3,1,"1,2,3",1,0,5,5
36,"0,3|1|2,4",3,1,"1,2,4",1,2,5,5
36,"0,3|1|2,4",3,1,"1,3,4",1,0,5,5
36,"0,3|1|2,4",3,1,"2,3,4",1,2,5,5
36,"0,3|1|2,4",3,2,"0,1,2",2,0,5,5
36,"0,3|1|2,4",3,2,"0,1,3",2,2,5,5
36,"0,3|1|2,4",3,2,"0,1,4",2,0,5,5
36,"0,3|1|2,4",3,2,"0,2,3",2,2,5,5
36,"0,3|1|2,4",3,2,"0,2,4",2,2,5,5
36,"0,3|1|2,4",3,2,"0,3,4",2,2,5,5
36,"0,3|1|2,4",3,2,"1,2,3",2,0,5,5
36,"0,3|1|2,4",3,2,"1,2,4",2,2,5,5
36,"0,3|1|2,4",3,2,"1,3,4",2,0,5,5
36,"0,3|1|2,4",3,2,"2,3,4",2,2,5,5
36,"0,3|1|2,4",3,3,"0,1,2",2,0,5,5
36,"0,3|1|2,4",3,3,"0,1,3",2,2,5,5
36,"0,3|1|2,4",3,3,"0,1,4",2,0,5,5
36,"0,3|1|2,4",3,3,"0,2,3",2,2,5,5
36,"0,3|1|2,4",3,3,"0,2,4",2,2,5,5
36,"0,3|1|2,4",3,3,"0,3,4",2,2,5,5
36,"0,3|1|2,4",3,3,"1,2,3",2,0,5,5
36,"0,3|1|2,4",3,3,"1,2,4",2,2,5,5
36,"0,3|1|2,4",3,3,"1,3,4",2,0,5,5
36,"0,3|1|2,4",3,3,"2,3,4",2,2,5,5
36,"0,3|1|2,4",3,4,"0,1,2",2,0,5,5
36,"0,3|1|2,4",3,4,"0,1,3",2,2,5,5
36,"0,3|1|2,4",3,4,"0,1,4",2,0,5,5
36,"0,3|1|2,4",3,4,"0,2,3",2,2,5,5
36,"0,3|1|2,4",3,4,"0,2,4",2,2,5,5
36,"0,3|1|2,4",3,4,"0,3,4",2,2,5,5
36,"0,3|1|2,4",3,4,"1,2,3",2,0,5,5
36,"0,3|1|2,4",3,4,"1,2,4",2,2,5,5
36,"0,3|1|2,4",3,4,"1,3,4",2,0,5,5
36,"0,3|1|2,4",3,4,"2,3,4",2,2,5,5
37,"0,3|1|2|4",4,0,"0,1,2",2,0,5,5
37,"0,3|1|2|4",4,0,"0,1,3",2,2,5,5
37,"0,3|1|2|4",4,0,"0,1,4",2,0,5,5
37,"0,3|1|2|4",4,0,"0,2,3",2,2,5,5
37,"0,3|1|2|4",4,0,"0,2,4",2,0,5,5
37,"0,3|1|2|4",4,0,"0,3,4",2,2,5,5
37,"0,3|1|2|4",4,0,"1,2,3",2,0,5,5
37,"0,3|1|2|4",4,0,"1,2,4",2,0,5,5
37,"0,3|1|2|4",4,0,"1,3,4",2,0,5,5
37,"0,3|1|2|4",4,0,"2,3,4",2,0,5,5
37,"0,3|1|2|4",4,1,"0,1,2",1,0,5,5
37,"0,3|1|2|4",4,1,"0,1,3",1,2,5,5
37,"0,3|1|2|4",4,1,"0,1,4",1,0,5,5
37,"0,3|1|2|4",4,1,"0,2,3",1,2,5,5
37,"0,3|1|2|4",4,1,"0,2,4",1,0,5,5
37,"0,3|1|2|4",4,1,"0,3,4",1,2,5,5
37,"0,3|1|2|4",4,1,"1,2,3",1,0,5,5
37,"0,3|1|2|4",4,1,"1,2,4",1,0,5,5
37,"0,3|1|2|4",4,1,"1,3,4",1,0,5,5
37,"0,3|1|2|4",4,1,"2,3,4",1,0,5,5
37,"0,3|1|2|4",4,2,"0,1,2",1,0,5,5
37,"0,3|1|2|4",4,2,"0,1,3",1,2,5,5
37,"0,3|1|2|4",4,2,"0,1,4",1,0,5,5
37,"0,3|1|2|4",4,2,"0,2,3",1,2,5,5
37,"0,3|1|2|4",4,2,"0,2,4",1,0,5,5
37,"0,3|1|2|4",4,2,"0,3,4",1,2,5,5
37,"0,3|1|2|4",4,2,"1,2,3",1,0,5,5
37,"0,3|1|2|4",4,2,"1,2,4",1,0,5,5
37,"0,3|1|2|4",4,2,"1,3,4",1,0,5,5
37,"0,3|1|2|4",4,2,"2,3,4",1,0,5,5
37,"0,3|1|2|4",4,3,"0,1,2",2,0,5,5
37,"0,3|1|2|4",4,3,"0,1,3",2,2,5,5
37,"0,3|1|2|4",4,3,"0,1,4",2,0,5,5
37,"0,3|1|2|4",4,3,"0,2,3",2,2,5,5
37,"0,3|1|2|4",4,3,"0,2,4",2,0,5,5
37,"0,3|1|2|4",4,3,"0,3,4",2,2,5,5
37,"0,3|1|2|4",4,3,"1,2,3",2,0,5,5
37,"0,3|1|2|4",4,3,"1,2,4",2,0,5,5
37,"0,3|1|2|4",4,3,"1,3,4",2,0,5,5
37,"0,3|1|2|4",4,3,"2,3,4",2,0,5,5
37,"0,3|1|2|4",4,4,"0,1,2",1,0,5,5
37,"0,3|1|2|4",4,4,"0,1,3",1,2,5,5
37,"0,3|1|2|4",4,4,"0,1,4",1,0,5,5
37,"0,3|1|2|4",4,4,"0,2,3",1,2,5,5
37,"0,3|1|2|4",4,4,"0,2,4",1,0,5,5
37,"0,3|1|2|4",4,4,"0,3,4",1,2,5,5
37,"0,3|1|2|4",4,4,"1,2,3",1,0,5,5
37,"0,3|1|2|4",4,4,"1,2,4",1,0,5,5
37,"0,3|1|2|4",4,4,"1,3,4",1,0,5,5
37,"0,3|1|2|4",4,4,"2,3,4",1,0,5,5
38,"0,4|1,3|2",3,0,"0,1,2",2,0,5,5
38,"0,4|1,3|2",3,0,"0,1,3",2,2,5,5
38,"0,4|1,3|2",3,0,"0,1,4",2,2,5,5
38,"0,4|1,3|2",3,0,"0,2,3",2,0,5,5
38,"0,4|1,3|2",3,0,"0,2,4",2,2,5,5
38,"0,4|1,3|2",3,0,"0,3,4",2,2,5,5
38,"0,4|1,3|2",3,0,"1,2,3",2,2,5,5
38,"0,4|1,3|2",3,0,"1,2,4",2,0,5,5
38,"0,4|1,3|2",3,0,"1,3,4",2,2,5,5
38,"0,4|1,3|2",3,0,"2,3,4",2,0,5,5
38,"0,4|1,3|2",3,1,"0,1,2",2,0,5,5
38,"0,4|1,3|2",3,1,"0,1,3",2,2,5,5
38,"0,4|1,3|2",3,1,"0,1,4",2,2,5,5
38,"0,4|1,3|2",3,1,"0,2,3",2,0,5,5
38,"0,4|1,3|2",3,1,"0,2,4",2,2,5,5
38,"0,4|1,3|2",3,1,"0,3,4",2,2,5,5
38,"0,4|1,3|2",3,1,"1,2,3",2,2,5,5
38,"0,4|1,3|2",3,1,"1,2,4",2,0,5,5
38,"0,4|1,3|2",3,1,"1,3,4",2,2,5,5
38,"0,4|1,3|2",3,1,"2,3,4",2,0,5,5
38,"0,4|1,3|2",3,2,"0,1,2",1,0,5,5
38,"0,4|1,3|2",3,2,"0,1,3",1,2,5,5
38,"0,4|1,3|2",3,2,"0,1,4",1,2,5,5
38,"0,4|1,3|2",3,2,"0,2,3",1,0,5,5
38,"0,4|1,3|2",3,2,"0,2,4",1,2,5,5
38,"0,4|1,3|2",3,2,"0,3,4",1,2,5,5
38,"0,4|1,3|2",3,2,"1,2,3",1,2,5,5
38,"0,4|1,3|2",3,2,"1,2,4",1,0,5,5
38,"0,4|1,3|2",3,2,"1,3,4",1,2,5,5
38,"0,4|1,3|2",3,2,"2,3,4",1,0,5,5
38,"0,4|1,3|2",3,3,"0,1,2",2,0,5,5
38,"0,4|1,3|2",3,3,"0,1,3",2,2,5,5
38,"0,4|1,3|2",3,3,"0,1,4",2,2,5,5
38,"0,4|1,3|2",3,3,"0,2,3",2,0,5,5
38,"0,4|1,3|2",3,3,"0,2,4",2,2,5,5
38,"0,4|1,3|2",3,3,"0,3,4",2,2,5,5
38,"0,4|1,3|2",3,3,"1,2,3",2,2,5,5
38,"0,4|1,3|2",3,3,"1,2,4",2,0,5,5
38,"0,4|1,3|2",3,3,"1,3,4",2,2,5,5
38,"0,4|1,3|2",3,3,"2,3,4",2,0,5,5
38,"0,4|1,3|2",3,4,"0,1,2",2,0,5,5
38,"0,4|1,3|2",3,4,"0,1,3",2,2,5,5
38,"0,4|1,3|2",3,4,"0,1,4",2,2,5,5
38,"0,4|1,3|2",3,4,"0,2,3",2,0,5,5
38,"0,4|1,3|2",3,4,"0,2,4",2,2,5,5
38,"0,4|1,3|2",3,4,"0,3,4",2,2,5,5
38,"0,4|1,3|2",3,4,"1,2,3",2,2,5,5
38,"0,4|1,3|2",3,4,"1,2,4",2,0,5,5
38,"0,4|1,3|2",3,4,"1,3,4",2,2,5,5
38,"0,4|1,3|2",3,4,"2,3,4",2,0,5,5
39,"0|1,3,4|2",3,0,"0,1,2",1,0,5,5
39,"0|1,3,4|2",3,0,"0,1,3",1,3,5,5
39,"0|1,3,4|2",3,0,"0,1,4",1,3,5,5
39,"0|1,3,4|2",3,0,"0,2,3",1,0,5,5
39,"0|1,3,4|2",3,0,"0,2,4",1,0,5,5
39,"0|1,3,4|2",3,0,"0,3,4",1,3,5,5
39,"0|1,3,4|2",3,0,"1,2,3",1,3,5,5
39,"0|1,3,4|2",3,0,"1,2,4",1,3,5,5
39,"0|1,3,4|2",3,0,"1,3,4",1,3,5,5
39,"0|1,3,4|2",3,0,"2,3,4",1,3,5,5
39,"0|1,3,4|2",3,1,"0,1,2",3,0,5,5
39,"0|1,3,4|2",3,1,"0,1,3",3,3,5,5
39,"0|1,3,4|2",3,1,"0,1,4",3,3,5,5
39,"0|1,3,4|2",3,1,"0,2,3",3,0,5,5
39,"0|1,3,4|2",3,1,"0,2,4",3,0,5,5
39,"0|1,3,4|2",3,1,"0,3,4",3,3,5,5
39,"0|1,3,4|2",3,1,"1,2,3",3,3,5,5
39,"0|1,3,4|2",3,1,"1,2,4",3,3,5,5
39,"0|1,3,4|2",3,1,"1,3,4",3,3,5,5
39,"0|1,3,4|2",3,1,"2,3,4",3,3,5,5
39,"0|1,3,4|2",3,2,"0,1,2",1,0,5,5
39,"0|1,3,4|2",3,2,"0,1,3",1,3,5,5
39,"0|1,3,4|2",3,2,"0,1,4",1,3,5,5
39,"0|1,3,4|2",3,2,"0,2,3",1,0,5,5
39,"0|1,3,4|2",3,2,"0,2,4",1,0,5,5
39,"0|1,3,4|2",3,2,"0,3,4",1,3,5,5
39,"0|1,3,4|2",3,2,"1,2,3",1,3,5,5
39,"0|1,3,4|2",3,2,"1,2,4",1,3,5,5
39,"0|1,3,4|2",3,2,"1,3,4",1,3,5,5
39,"0|1,3,4|2",3,2,"2,3,4",1,3,5,5
39,"0|1,3,4|2",3,3,"0,1,2",3,0,5,5
39,"0|1,3,4|2",3,3,"0,1,3",3,3,5,5
39,"0|1,3,4|2",3,3,"0,1,4",3,3,5,5
39,"0|1,3,4|2",3,3,"0,2,3",3,0,5,5
39,"0|1,3,4|2",3,3,"0,2,4",3,0,5,5
39,"0|1,3,4|2",3,3,"0,3,4",3,3,5,5
39,"0|1,3,4|2",3,3,"1,2,3",3,3,5,5
39,"0|1,3,4|2",3,3,"1,2,4",3,3,5,5
39,"0|1,3,4|2",3,3,"1,3,4",3,3,5,5
39,"0|1,3,4|2",3,3,"2,3,4",3,3,5,5
39,"0|1,3,4|2",3,4,"0,1,2",3,0,5,5
39,"0|1,3,4|2",3,4,"0,1,3",3,3,5,5
39,"0|1,3,4|2",3,4,"0,1,4",3,3,5,5
39,"0|1,3,4|2",3,4,"0,2,3",3,0,5,5
39,"0|1,3,4|2",3,4,"0,2,4",3,0,5,5
39,"0|1,3,4|2",3,4,"0,3,4",3,3,5,5
39,"0|1,3,4|2",3,4,"1,2,3",3,3,5,5
39,"0|1,3,4|2",3,4,"1,2,4",3,3,5,5
39,"0|1,3,4|2",3,4,"1,3,4",3,3,5,5
39,"0|1,3,4|2",3,4,"2,3,4",3,3,5,5
40,"0|1,3|2,4",3,0,"0,1,2",1,0,5,5
40,"0|1,3|2,4",3,0,"0,1,3",1,2,5,5
40,"0|1,3|2,4",3,0,"0,1,4",1,0,5,5
40,"0|1,3|2,4",3,0,"0,2,3",1,0,5,5
40,"0|1,3|2,4",3,0,"0,2,4",1,2,5,5
40,"0|1,3|2,4",3,0,"0,3,4",1,0,5,5
40,"0|1,3|2,4",3,0,"1,2,3",1,2,5,5
40,"0|1,3|2,4",3,0,"1,2,4",1,2,5,5
40,"0|1,3|2,4",3,0,"1,3,4",1,2,5,5
40,"0|1,3|2,4",3,0,"2,3,4",1,2,5,5
40,"0|1,3|2,4",3,1,"0,1,2",2,0,5,5
40,"0|1,3|2,4",3,1,"0,1,3",2,2,5,5
40,"0|1,3|2,4",3,1,"0,1,4",2,0,5,5
40,"0|1,3|2,4",3,1,"0,2,3",2,0,5,5
40,"0|1,3|2,4",3,1,"0,2,4",2,2,5,5
40,"0|1,3|2,4",3,1,"0,3,4",2,0,5,5
40,"0|1,3|2,4",3,1,"1,2,3",2,2,5,5
40,"0|1,3|2,4",3,1,"1,2,4",2,2,5,5
40,"0|1,3|2,4",3,1,"1,3,4",2,2,5,5
40,"0|1,3|2,4",3,1,"2,3,4",2,2,5,5
40,"0|1,3|2,4",3,2,"0,1,2",2,0,5,5
40,"0|1,3|2,4",3,2,"0,1,3",2,2,5,5
40,"0|1,3|2,4",3,2,"0,1,4",2,0,5,5
40,"0|1,3|2,4",3,2,"0,2,3",2,0,5,5
40,"0|1,3|2,4",3,2,"0,2,4",2,2,5,5
40,"0|1,3|2,4",3,2,"0,3,4",2,0,5,5
40,"0|1,3|2,4",3,2,"1,2,3",2,2,5,5
40,"0|1,3|2,4",3,2,"1,2,4",2,2,5,5
40,"0|1,3|2,4",3,2,"1,3,4",2,2,5,5
40,"0|1,3|2,4",3,2,"2,3,4",2,2,5,5
40,"0|1,3|2,4",3,3,"0,1,2",2,0,5,5
40,"0|1,3|2,4",3,3,"0,1,3",2,2,5,5
40,"0|1,3|2,4",3,3,"0,1,4",2,0,5,5
40,"0|1,3|2,4",3,3,"0,2,3",2,0,5,5
40,"0|1,3|2,4",3,3,"0,2,4",2,2,5,5
40,"0|1,3|2,4",3,3,"0,3,4",2,0,5,5
40,"0|1,3|2,4",3,3,"1,2,3",2,2,5,5
40,"0|1,3|2,4",3,3,"1,2,4",2,2,5,5
40,"0|1,3|2,4",3,3,"1,3,4",2,2,5,5
40,"0|1,3|2,4",3,3,"2,3,4",2,2,5,5
40,"0|1,3|2,4",3,4,"0,1,2",2,0,5,5
40,"0|1,3|2,4",3,4,"0,1,3",2,2,5,5
40,"0|1,3|2,4",3,4,"0,1,4",2,0,5,5
40,"0|1,3|2,4",3,4,"0,2,3",2,0,5,5
40,"0|1,3|2,4",3,4,"0,2,4",2,2,5,5
40,"0|1,3|2,4",3,4,"0,3,4",2,0,5,5
40,"0|1,3|2,4",3,4,"1,2,3",2,2,5,5
40,"0|1,3|2,4",3,4,"1,2,4",2,2,5,5
40,"0|1,3|2,4",3,4,"1,3,4",2,2,5,5
40,"0|1,3|2,4",3,4,"2,3,4",2,2,5,5
41,"0|1,3|2|4",4,0,"0,1,2",1,0,5,5
41,"0|1,3|2|4",4,0,"0,1,3",1,2,5,5
41,"0|1,3|2|4",4,0,"0,1,4",1,0,5,5
41,"0|1,3|2|4",4,0,"0,2,3",1,0,5,5
41,"0|1,3|2|4",4,0,"0,2,4",1,0,5,5
41,"0|1,3|2|4",4,0,"0,3,4",1,0,5,5
41,"0|1,3|2|4",4,0,"1,2,3",1,2,5,5
41,"0|1,3|2|4",4,0,"1,2,4",1,0,5,5
41,"0|1,3|2|4",4,0,"1,3,4",1,2,5,5
41,"0|1,3|2|4",4,0,"2,3,4",1,0,5,5
41,"0|1,3|2|4",4,1,"0,1,2",2,0,5,5
41,"0|1,3|2|4",4,1,"0,1,3",2,2,5,5
41,"0|1,3|2|4",4,1,"0,1,4",2,0,5,5
41,"0|1,3|2|4",4,1,"0,2,3",2,0,5,5
41,"0|1,3|2|4",4,1,"0,2,4",2,0,5,5
41,"0|1,3|2|4",4,1,"0,3,4",2,0,5,5
41,"0|1,3|2|4",4,1,"1,2,3",2,2,5,5
41,"0|1,3|2|4",4,1,"1,2,4",2,0,5,5
41,"0|1,3|2|4",4,1,"1,3,4",2,2,5,5
41,"0|1,3|2|4",4,1,"2,3,4",2,0,5,5
41,"0|1,3|2|4",4,2,"0,1,2",1,0,5,5
41,"0|1,3|2|4",4,2,"0,1,3",1,2,5,5
41,"0|1,3|2|4",4,2,"0,1,4",1,0,5,5
41,"0|1,3|2|4",4,2,"0,2,3",1,0,5,5
41,"0|1,3|2|4",4,2,"0,2,4",1,0,5,5
41,"0|1,3|2|4",4,2,"0,3,4",1,0,5,5
41,"0|1,3|2|4",4,2,"1,2,3",1,2,5,5
41,"0|1,3|2|4",4,2,"1,2,4",1,0,5,5
41,"0|1,3|2|4",4,2,"1,3,4",1,2,5,5
41,"0|1,3|2|4",4,2,"2,3,4",1,0,5,5
41,"0|1,3|2|4",4,3,"0,1,2",2,0,5,5
41,"0|1,3|2|4",4,3,"0,1,3",2,2,5,5
41,"0|1,3|2|4",4,3,"0,1,4",2,0,5,5
41,"0|1,3|2|4",4,3,"0,2,3",2,0,5,5
41,"0|1,3|2|4",4,3,"0,2,4",2,0,5,5
41,"0|1,3|2|4",4,3,"0,3,4",2,0,5,5
41,"0|1,3|2|4",4,3,"1,2,3",2,2,5,5
41,"0|1,3|2|4",4,3,"1,2,4",2,0,5,5
41,"0|1,3|2|4",4,3,"1,3,4",2,2,5,5
41,"0|1,3|2|4",4,3,"2,3,4",2,0,5,5
41,"0|1,3|2|4",4,4,"0,1,2",1,0,5,5
41,"0|1,3|2|4",4,4,"0,1,3",1,2,5,5
41,"0|1,3|2|4",4,4,"0,1,4",1,0,5,5
41,"0|1,3|2|4",4,4,"0,2,3",1,0,5,5
41,"0|1,3|2|4",4,4,"0,2,4",1,0,5,5
41,"0|1,3|2|4",4,4,"0,3,4",1,0,5,5
41,"0|1,3|2|4",4,4,"1,2,3",1,2,5,5
41,"0|1,3|2|4",4,4,"1,2,4",1,0,5,5
41,"0|1,3|2|4",4,4,"1,3,4",1,2,5,5
41,"0|1,3|2|4",4,4,"2,3,4",1,0,5,5
42,"0,4|1|2,3",3,0,"0,1,2",2,0,5,5
42,"0,4|1|2,3",3,0,"0,1,3",2,0,5,5
42,"0,4|1|2,3",3,0,"0,1,4",2,2,5,5
42,"0,4|1|2,3",3,0,"0,2,3",2,2,5,5
42,"0,4|1|2,3",3,0,"0,2,4",2,2,5,5
42,"0,4|1|2,3",3,0,"0,3,4",2,2,5,5
42,"0,4|1|2,3",3,0,"1,2,3",2,2,5,5
42,"0,4|1|2,3",3,0,"1,2,4",2,0,5,5
42,"0,4|1|2,3",3,0,"1,3,4",2,0,5,5
42,"0,4|1|2,3",3,0,"2,3,4",2,2,5,5
42,"0,4|1|2,3",3,1,"0,1,2",1,0,5,5
42,"0,4|1|2,3",3,1,"0,1,3",1,0,5,5
42,"0,4|1|2,3",3,1,"0,1,4",1,2,5,5
42,"0,4|1|2,3",3,1,"0,2,3",1,2,5,5
42,"0,4|1|2,3",3,1,"0,2,4",1,2,5,5
42,"0,4|1|2,3",3,1,"0,3,4",1,2,5,5
42,"0,4|1|2,3",3,1,"1,2,3",1,2,5,5
42,"0,4|1|2,3",3,1,"1,2,4",1,0,5,5
42,"0,4|1|2,3",3,1,"1,3,4",1,0,5,5
42,"0,4|1|2,3",3,1,"2,3,4",1,2,5,5
42,"0,4|1|2,3",3,2,"0,1,2",2,0,5,5
42,"0,4|1|2,3",3,2,"0,1,3",2,0,5,5
42,"0,4|1|2,3",3,2,"0,1,4",2,2,5,5
42,"0,4|1|2,3",3,2,"0,2,3",2,2,5,5
42,"0,4|1|2,3",3,2,"0,2,4",2,2,5,5
42,"0,4|1|2,3",3,2,"0,3,4",2,2,5,5
42,"0,4|1|2,3",3,2,"1,2,3",2,2,5,5
42,"0,4|1|2,3",3,2,"1,2,4",2,0,5,5
42,"0,4|1|2,3",3,2,"1,3,4",2,0,5,5
42,"0,4|1|2,3",3,2,"2,3,4",2,2,5,5
42,"0,4|1|2,3",3,3,"0,1,2",2,0,5,5
42,"0,4|1|2,3",3,3,"0,1,3",2,0,5,5
42,"0,4|1|2,3",3,3,"0,1,4",2,2,5,5
42,"0,4|1|2,3",3,3,"0,2,3",2,2,5,5
42,"0,4|1|2,3",3,3,"0,2,4",2,2,5,5
42,"0,4|1|2,3",3,3,"0,3,4",2,2,5,5
42,"0,4|1|2,3",3,3,"1,2,3",2,2,5,5
42,"0,4|1|2,3",3,3,"1,2,4",2,0,5,5
42,"0,4|1|2,3",3,3,"1,3,4",2,0,5,5
42,"0,4|1|2,3",3,3,"2,3,4",2,2,5,5
42,"0,4|1|2,3",3,4,"0,1,2",2,0,5,5
42,"0,4|1|2,3",3,4,"0,1,3",2,0,5,5
42,"0,4|1|2,3",3,4,"0,1,4",2,2,5,5
42,"0,4|1|2,3",3,4,"0,2,3",2,2,5,5
42,"0,4|1|2,3",3,4,"0,2,4",2,2,5,5
42,"0,4|1|2,3",3,4,"0,3,4",2,2,5,5
42,"0,4|1|2,3",3,4,"1,2,3",2,2,5,5
42,"0,4|1|2,3",3,4,"1,2,4",2,0,5,5
42,"0,4|1|2,3",3,4,"1,3,4",2,0,5,5
42,"0,4|1|2,3",3,4,"2,3,4",2,2,5,5
43,"0|1,4|2,3",3,0,"0,1,2",1,0,5,5
43,"0|1,4|2,3",3,0,"0,1,3",1,0,5,5
43,"0|1,4|2,3",3,0,"0,1,4",1,2,5,5
43,"0|1,4|2,3",3,0,"0,2,3",1,2,5,5
43,"0|1,4|2,3",3,0,"0,2,4",1,0,5,5
43,"0|1,4|2,3",3,0,"0,3,4",1,0,5,5
43,"0|1,4|2,3",3,0,"1,2,3",1,2,5,5
43,"0|1,4|2,3",3,0,"1,2,4",1,2,5,5
43,"0|1,4|2,3",3,0,"1,3,4",1,2,5,5
43,"0|1,4|2,3",3,0,"2,3,4",1,2,5,5
43,"0|1,4|2,3",3,1,"0,1,2",2,0,5,5
43,"0|1,4|2,3",3,1,"0,1,3",2,0,5,5
43,"0|1,4|2,3",3,1,"0,1,4",2,2,5,5
43,"0|1,4|2,3",3,1,"0,2,3",2,2,5,5
43,"0|1,4|2,3",3,1,"0,2,4",2,0,5,5
43,"0|1,4|2,3",3,1,"0,3,4",2,0,5,5
43,"0|1,4|2,3",3,1,"1,2,3",2,2,5,5
43,"0|1,4|2,3",3,1,"1,2,4",2,2,5,5
43,"0|1,4|2,3",3,1,"1,3,4",2,2,5,5
43,"0|1,4|2,3",3,1,"2,3,4",2,2,5,5
43,"0|1,4|2,3",3,2,"0,1,2",2,0,5,5
43,"0|1,4|2,3",3,2,"0,1,3",2,0,5,5
43,"0|1,4|2,3",3,2,"0,1,4",2,2,5,5
43,"0|1,4|2,3",3,2,"0,2,3",2,2,5,5
43,"0|1,4|2,3",3,2,"0,2,4",2,0,5,5
43,"0|1,4|2,3",3,2,"0,3,4",2,0,5,5
43,"0|1,4|2,3",3,2,"1,2,3",2,2,5,5
43,"0|1,4|2,3",3,2,"1,2,4",2,2,5,5
43,"0|1,4|2,3",3,2,"1,3,4",2,2,5,5
43,"0|1,4|2,3",3,2,"2,3,4",2,2,5,5
43,"0|1,4|2,3",3,3,"0,1,2",2,0,5,5
43,"0|1,4|2,3",3,3,"0,1,3",2,0,5,5
43,"0|1,4|2,3",3,3,"0,1,4",2,2,5,5
43,"0|1,4|2,3",3,3,"0,2,3",2,2,5,5
43,"0|1,4|2,3",3,3,"0,2,4",2,0,5,5
43,"0|1,4|2,3",3,3,"0,3,4",2,0,5,5
43,"0|1,4|2,3",3,3,"1,2,3",2,2,5,5
43,"0|1,4|2,3",3,3,"1,2,4",2,2,5,5
43,"0|1,4|2,3",3,3,"1,3,4",2,2,5,5
43,"0|1,4|2,3",3,3,"2,3,4",2,2,5,5
43,"0|1,4|2,3",3,4,"0,1,2",2,0,5,5
43,"0|1,4|2,3",3,4,"0,1,3",2,0,5,5
43,"0|1,4|2,3",3,4,"0,1,4",2,2,5,5
43,"0|1,4|2,3",3,4,"0,2,3",2,2,5,5
43,"0|1,4|2,3",3,4,"0,2,4",2,0,5,5
43,"0|1,4|2,3",3,4,"0,3,4",2,0,5,5
43,"0|1,4|2,3",3,4,"1,2,3",2,2,5,5
43,"0|1,4|2,3",3,4,"1,2,4",2,2,5,5
43,"0|1,4|2,3",3,4,"1,3,4",2,2,5,5
43,"0|1,4|2,3",3,4,"2,3,4",2,2,5,5
44,"0|1|2,3,4",3,0,"0,1,2",1,0,5,5
44,"0|1|2,3,4",3,0,"0,1,3",1,0,5,5
44,"0|1|2,3,4",3,0,"0,1,4",1,0,5,5
44,"0|1|2,3,4",3,0,"0,2,3",1,3,5,5
44,"0|1|2,3,4",3,0,"0,2,4",1,3,5,5
44,"0|1|2,3,4",3,0,"0,3,4",1,3,5,5
44,"0|1|2,3,4",3,0,"1,2,3",1,3,5,5
44,"0|1|2,3,4",3,0,"1,2,4",1,3,5,5
44,"0|1|2,3,4",3,0,"1,3,4",1,3,5,5
44,"0|1|2,3,4",3,0,"2,3,4",1,3,5,5
44,"0|1|2,3,4",3,1,"0,1,2",1,0,5,5
44,"0|1|2,3,4",3,1,"0,1,3",1,0,5,5
44,"0|1|2,3,4",3,1,"0,1,4",1,0,5,5
44,"0|1|2,3,4",3,1,"0,2,3",1,3,5,5
44,"0|1|2,3,4",3,1,"0,2,4",1,3,5,5
44,"0|1|2,3,4",3,1,"0,3,4",1,3,5,5
44,"0|1|2,3,4",3,1,"1,2,3",1,3,5,5
44,"0|1|2,3,4",3,1,"1,2,4",1,3,5,5
44,"0|1|2,3,4",3,1,"1,3,4",1,3,5,5
44,"0|1|2,3,4",3,1,"2,3,4",1,3,5,5
44,"0|1|2,3,4",3,2,"0,1,2",3,0,5,5
44,"0|1|2,3,4",3,2,"0,1,3",3,0,5,5
44,"0|1|2,3,4",3,2,"0,1,4",3,0,5,5
44,"0|1|2,3,4",3,2,"0,2,3",3,3,5,5
44,"0|1|2,3,4",3,2,"0,2,4",3,3,5,5
44,"0|1|2,3,4",3,2,"0,3,4",3,3,5,5
44,"0|1|2,3,4",3,2,"1,2,3",3,3,5,5
44,"0|1|2,3,4",3,2,"1,2,4",3,3,5,5
44,"0|1|2,3,4",3,2,"1,3,4",3,3,5,5
44,"0|1|2,3,4",3,2,"2,3,4",3,3,5,5
44,"0|1|2,3,4",3,3,"0,1,2",3,0,5,5
44,"0|1|2,3,4",3,3,"0,1,3",3,0,5,5
44,"0|1|2,3,4",3,3,"0,1,4",3,0,5,5
44,"0|1|2,3,4",3,3,"0,2,3",3,3,5,5
44,"0|1|2,3,4",3,3,"0,2,4",3,3,5,5
44,"0|1|2,3,4",3,3,"0,3,4",3,3,5,5
44,"0|1|2,3,4",3,3,"1,2,3",3,3,5,5
44,"0|1|2,3,4",3,3,"1,2,4",3,3,5,5
44,"0|1|2,3,4",3,3,"1,3,4",3,3,5,5
44,"0|1|2,3,4",3,3,"2,3,4",3,3,5,5
44,"0|1|2,3,4",3,4,"0,1,2",3,0,5,5
44,"0|1|2,3,4",3,4,"0,1,3",3,0,5,5
44,"0|1|2,3,4",3,4,"0,1,4",3,0,5,5
44,"0|1|2,3,4",3,4,"0,2,3",3,3,5,5
44,"0|1|2,3,4",3,4,"0,2,4",3,3,5,5
44,"0|1|2,3,4",3,4,"0,3,4",3,3,5,5
44,"0|1|2,3,4",3,4,"1,2,3",3,3,5,5
44,"0|1|2,3,4",3,4,"1,2,4",3,3,5,5
44,"0|1|2,3,4",3,4,"1,3,4",3,3,5,5
44,"0|1|2,3,4",3,4,"2,3,4",3,3,5,5
45,"0|1|2,3|4",4,0,"0,1,2",1,0,5,5
45,"0|1|2,3|4",4,0,"0,1,3",1,0,5,5
45,"0|1|2,3|4",4,0,"0,1,4",1,0,5,5
45,"0|1|2,3|4",4,0,"0,2,3",1,2,5,5
45,"0|1|2,3|4",4,0,"0,2,4",1,0,5,5
45,"0|1|2,3|4",4,0,"0,3,4",1,0,5,5
45,"0|1|2,3|4",4,0,"1,2,3",1,2,5,5
45,"0|1|2,3|4",4,0,"1,2,4",1,0,5,5
45,"0|1|2,3|4",4,0,"1,3,4",1,0,5,5
45,"0|1|2,3|4",4,0,"2,3,4",1,2,5,5
45,"0|1|2,3|4",4,1,"0,1,2",1,0,5,5
45,"0|1|2,3|4",4,1,"0,1,3",1,0,5,5
45,"0|1|2,3|4",4,1,"0,1,4",1,0,5,5
45,"0|1|2,3|4",4,1,"0,2,3",1,2,5,5
45,"0|1|2,3|4",4,1,"0,2,4",1,0,5,5
45,"0|1|2,3|4",4,1,"0,3,4",1,0,5,5
45,"0|1|2,3|4",4,1,"1,2,3",1,2,5,5
45,"0|1|2,3|4",4,1,"1,2,4",1,0,5,5
45,"0|1|2,3|4",4,1,"1,3,4",1,0,5,5
45,"0|1|2,3|4",4,1,"2,3,4",1,2,5,5
45,"0|1|2,3|4",4,2,"0,1,2",2,0,5,5
45,"0|1|2,3|4",4,2,"0,1,3",2,0,5,5
45,"0|1|2,3|4",4,2,"0,1,4",2,0,5,5
45,"0|1|2,3|4",4,2,"0,2,3",2,2,5,5
45,"0|1|2,3|4",4,2,"0,2,4",2,0,5,5
45,"0|1|2,3|4",4,2,"0,3,4",2,0,5,5
45,"0|1|2,3|4",4,2,"1,2,3",2,2,5,5
45,"0|1|2,3|4",4,2,"1,2,4",2,0,5,5
45,"0|1|2,3|4",4,2,"1,3,4",2,0,5,5
45,"0|1|2,3|4",4,2,"2,3,4",2,2,5,5
45,"0|1|2,3|4",4,3,"0,1,2",2,0,5,5
45,"0|1|2,3|4",4,3,"0,1,3",2,0,5,5
45,"0|1|2,3|4",4,3,"0,1,4",2,0,5,5
45,"0|1|2,3|4",4,3,"0,2,3",2,2,5,5
45,"0|1|2,3|4",4,3,"0,2,4",2,0,5,5
45,"0|1|2,3|4",4,3,"0,3,4",2,0,5,5
45,"0|1|2,3|4",4,3,"1,2,3",2,2,5,5
45,"0|1|2,3|4",4,3,"1,2,4",2,0,5,5
45,"0|1|2,3|4",4,3,"1,3,4",2,0,5,5
45,"0|1|2,3|4",4,3,"2,3,4",2,2,5,5
45,"0|1|2,3|4",4,4,"0,1,2",1,0,5,5
45,"0|1|2,3|4",4,4,"0,1,3",1,0,5,5
45,"0|1|2,3|4",4,4,"0,1,4",1,0,5,5
45,"0|1|2,3|4",4,4,"0,2,3",1,2,5,5
45,"0|1|2,3|4",4,4,"0,2,4",1,0,5,5
45,"0|1|2,3|4",4,4,"0,3,4",1,0,5,5
45,"0|1|2,3|4",4,4,"1,2,3",1,2,5,5
45,"0|1|2,3|4",4,4,"1,2,4",1,0,5,5
45,"0|1|2,3|4",4,4,"1,3,4",1,0,5,5
45,"0|1|2,3|4",4,4,"2,3,4",1,2,5,5
46,"0,4|1|2|3",4,0,"0,1,2",2,0,5,5
46,"0,4|1|2|3",4,0,"0,1,3",2,0,5,5
46,"0,4|1|2|3",4,0,"0,1,4",2,2,5,5
46,"0,4|1|2|3",4,0,"0,2,3",2,0,5,5
46,"0,4|1|2|3",4,0,"0,2,4",2,2,5,5
46,"0,4|1|2|3",4,0,"0,3,4",2,2,5,5
46,"0,4|1|2|3",4,0,"1,2,3",2,0,5,5
46,"0,4|1|2|3",4,0,"1,2,4",2,0,5,5
46,"0,4|1|2|3",4,0,"1,3,4",2,0,5,5
46,"0,4|1|2|3",4,0,"2,3,4",2,0,5,5
46,"0,4|1|2|3",4,1,"0,1,2",1,0,5,5
46,"0,4|1|2|3",4,1,"0,1,3",1,0,5,5
46,"0,4|1|2|3",4,1,"0,1,4",1,2,5,5
46,"0,4|1|2|3",4,1,"0,2,3",1,0,5,5
46,"0,4|1|2|3",4,1,"0,2,4",1,2,5,5
46,"0,4|1|2|3",4,1,"0,3,4",1,2,5,5
46,"0,4|1|2|3",4,1,"1,2,3",1,0,5,5
46,"0,4|1|2|3",4,1,"1,2,4",1,0,5,5
46,"0,4|1|2|3",4,1,"1,3,4",1,0,5,5
46,"0,4|1|2|3",4,1,"2,3,4",1,0,5,5
46,"0,4|1|2|3",4,2,"0,1,2",1,0,5,5
46,"0,4|1|2|3",4,2,"0,1,3",1,0,5,5
46,"0,4|1|2|3",4,2,"0,1,4",1,2,5,5
46,"0,4|1|2|3",4,2,"0,2,3",1,0,5,5
46,"0,4|1|2|3",4,2,"0,2,4",1,2,5,5
46,"0,4|1|2|3",4,2,"0,3,4",1,2,5,5
46,"0,4|1|2|3",4,2,"1,2,3",1,0,5,5
46,"0,4|1|2|3",4,2,"1,2,4",1,0,5,5
46,"0,4|1|2|3",4,2,"1,3,4",1,0,5,5
46,"0,4|1|2|3",4,2,"2,3,4",1,0,5,5
46,"0,4|1|2|3",4,3,"0,1,2",1,0,5,5
46,"0,4|1|2|3",4,3,"0,1,3",1,0,5,5
46,"0,4|1|2|3",4,3,"0,1,4",1,2,5,5
46,"0,4|1|2|3",4,3,"0,2,3",1,0,5,5
46,"0,4|1|2|3",4,3,"0,2,4",1,2,5,5
46,"0,4|1|2|3",4,3,"0,3,4",1,2,5,5
46,"0,4|1|2|3",4,3,"1,2,3",1,0,5,5
46,"0,4|1|2|3",4,3,"1,2,4",1,0,5,5
46,"0,4|1|2|3",4,3,"1,3,4",1,0,5,5
46,"0,4|1|2|3",4,3,"2,3,4",1,0,5,5
46,"0,4|1|2|3",4,4,"0,1,2",2,0,5,5
46,"0,4|1|2|3",4,4,"0,1,3",2,0,5,5
46,"0,4|1|2|3",4,4,"0,1,4",2,2,5,5
46,"0,4|1|2|3",4,4,"0,2,3",2,0,5,5
46,"0,4|1|2|3",4,4,"0,2,4",2,2,5,5
46,"0,4|1|2|3",4,4,"0,3,4",2,2,5,5
46,"0,4|1|2|3",4,4,"1,2,3",2,0,5,5
46,"0,4|1|2|3",4,4,"1,2,4",2,0,5,5
46,"0,4|1|2|3",4,4,"1,3,4",2,0,5,5
46,"0,4|1|2|3",4,4,"2,3,4",2,0,5,5
47,"0|1,4|2|3",4,0,"0,1,2",1,0,5,5
47,"0|1,4|2|3",4,0,"0,1,3",1,0,5,5
47,"0|1,4|2|3",4,0,"0,1,4",1,2,5,5
47,"0|1,4|2|3",4,0,"0,2,3",1,0,5,5
47,"0|1,4|2|3",4,0,"0,2,4",1,0,5,5
47,"0|1,4|2|3",4,0,"0,3,4",1,0,5,5
47,"0|1,4|2|3",4,0,"1,2,3",1,0,5,5
47,"0|1,4|2|3",4,0,"1,2,4",1,2,5,5
47,"0|1,4|2|3",4,0,"1,3,4",1,2,5,5
47,"0|1,4|2|3",4,0,"2,3,4",1,0,5,5
47,"0|1,4|2|3",4,1,"0,1,2",2,0,5,5
47,"0|1,4|2|3",4,1,"0,1,3",2,0,5,5
47,"0|1,4|2|3",4,1,"0,1,4",2,2,5,5
47,"0|1,4|2|3",4,1,"0,2,3",2,0,5,5
47,"0|1,4|2|3",4,1,"0,2,4",2,0,5,5
47,"0|1,4|2|3",4,1,"0,3,4",2,0,5,5
47,"0|1,4|2|3",4,1,"1,2,3",2,0,5,5
47,"0|1,4|2|3",4,1,"1,2,4",2,2,5,5
47,"0|1,4|2|3",4,1,"1,3,4",2,2,5,5
47,"0|1,4|2|3",4,1,"2,3,4",2,0,5,5
47,"0|1,4|2|3",4,2,"0,1,2",1,0,5,5
47,"0|1,4|2|3",4,2,"0,1,3",1,0,5,5
47,"0|1,4|2|3",4,2,"0,1,4",1,2,5,5
47,"0|1,4|2|3",4,2,"0,2,3",1,0,5,5
47,"0|1,4|2|3",4,2,"0,2,4",1,0,5,5
47,"0|1,4|2|3",4,2,"0,3,4",1,0,5,5
47,"0|1,4|2|3",4,2,"1,2,3",1,0,5,5
47,"0|1,4|2|3",4,2,"1,2,4",1,2,5,5
47,"0|1,4|2|3",4,2,"1,3,4",1,2,5,5
47,"0|1,4|2|3",4,2,"2,3,4",1,0,5,5
47,"0|1,4|2|3",4,3,"0,1,2",1,0,5,5
47,"0|1,4|2|3",4,3,"0,1,3",1,0,5,5
47,"0|1,4|2|3",4,3,"0,1,4",1,2,5,5
47,"0|1,4|2|3",4,3,"0,2,3",1,0,5,5
47,"0|1,4|2|3",4,3,"0,2,4",1,0,5,5
47,"0|1,4|2|3",4,3,"0,3,4",1,0,5,5
47,"0|1,4|2|3",4,3,"1,2,3",1,0,5,5
47,"0|1,4|2|3",4,3,"1,2,4",1,2,5,5
47,"0|1,4|2|3",4,3,"1,3,4",1,2,5,5
47,"0|1,4|2|3",4,3,"2,3,4",1,0,5,5
47,"0|1,4|2|3",4,4,"0,1,2",2,0,5,5
47,"0|1,4|2|3",4,4,"0,1,3",2,0,5,5
47,"0|1,4|2|3",4,4,"0,1,4",2,2,5,5
47,"0|1,4|2|3",4,4,"0,2,3",2,0,5,5
47,"0|1,4|2|3",4,4,"0,2,4",2,0,5,5
47,"0|1,4|2|3",4,4,"0,3,4",2,0,5,5
47,"0|1,4|2|3",4,4,"1,2,3",2,0,5,5
47,"0|1,4|2|3",4,4,"1,2,4",2,2,5,5
47,"0|1,4|2|3",4,4,"1,3,4",2,2,5,5
47,"0|1,4|2|3",4,4,"2,3,4",2,0,5,5
48,"0|1|2,4|3",4,0,"0,1,2",1,0,5,5
48,"0|1|2,4|3",4,0,"0,1,3",1,0,5,5
48,"0|1|2,4|3",4,0,"0,1,4",1,0,5,5
48,"0|1|2,4|3",4,0,"0,2,3",1,0,5,5
48,"0|1|2,4|3",4,0,"0,2,4",1,2,5,5
48,"0|1|2,4|3",4,0,"0,3,4",1,0,5,5
48,"0|1|2,4|3",4,0,"1,2,3",1,0,5,5
48,"0|1|2,4|3",4,0,"1,2,4",1,2,5,5
48,"0|1|2,4|3",4,0,"1,3,4",1,0,5,5
48,"0|1|2,4|3",4,0,"2,3,4",1,2,5,5
48,"0|1|2,4|3",4,1,"0,1,2",1,0,5,5
48,"0|1|2,4|3",4,1,"0,1,3",1,0,5,5
48,"0|1|2,4|3",4,1,"0,1,4",1,0,5,5
48,"0|1|2,4|3",4,1,"0,2,3",1,0,5,5
48,"0|1|2,4|3",4,1,"0,2,4",1,2,5,5
48,"0|1|2,4|3",4,1,"0,3,4",1,0,5,5
48,"0|1|2,4|3",4,1,"1,2,3",1,0,5,5
48,"0|1|2,4|3",4,1,"1,2,4",1,2,5,5
48,"0|1|2,4|3",4,1,"1,3,4",1,0,5,5
48,"0|1|2,4|3",4,1,"2,3,4",1,2,5,5
48,"0|1|2,4|3",4,2,"0,1,2",2,0,5,5
48,"0|1|2,4|3",4,2,"0,1,3",2,0,5,5
48,"0|1|2,4|3",4,2,"0,1,4",2,0,5,5
48,"0|1|2,4|3",4,2,"0,2,3",2,0,5,5
48,"0|1|2,4|3",4,2,"0,2,4",2,2,5,5
48,"0|1|2,4|3",4,2,"0,3,4",2,0,5,5
48,"0|1|2,4|3",4,2,"1,2,3",2,0,5,5
48,"0|1|2,4|3",4,2,"1,2,4",2,2,5,5
48,"0|1|2,4|3",4,2,"1,3,4",2,0,5,5
48,"0|1|2,4|3",4,2,"2,3,4",2,2,5,5
48,"0|1|2,4|3",4,3,"0,1,2",1,0,5,5
48,"0|1|2,4|3",4,3,"0,1,3",1,0,5,5
48,"0|1|2,4|3",4,3,"0,1,4",1,0,5,5
48,"0|1|2,4|3",4,3,"0,2,3",1,0,5,5
48,"0|1|2,4|3",4,3,"0,2,4",1,2,5,5
48,"0|1|2,4|3",4,3,"0,3,4",1,0,5,5
48,"0|1|2,4|3",4,3,"1,2,3",1,0,5,5
48,"0|1|2,4|3",4,3,"1,2,4",1,2,5,5
48,"0|1|2,4|3",4,3,"1,3,4",1,0,5,5
48,"0|1|2,4|3",4,3,"2,3,4",1,2,5,5
48,"0|1|2,4|3",4,4,"0,1,2",2,0,5,5
48,"0|1|2,4|3",4,4,"0,1,3",2,0,5,5
48,"0|1|2,4|3",4,4,"0,1,4",2,0,5,5
48,"0|1|2,4|3",4,4,"0,2,3",2,0,5,5
48,"0|1|2,4|3",4,4,"0,2,4",2,2,5,5
48,"0|1|2,4|3",4,4,"0,3,4",2,0,5,5
48,"0|1|2,4|3",4,4,"1,2,3",2,0,5,5
48,"0|1|2,4|3",4,4,"1,2,4",2,2,5,5
48,"0|1|2,4|3",4,4,"1,3,4",2,0,5,5
48,"0|1|2,4|3",4,4,"2,3,4",2,2,5,5
49,"0|1|2|3,4",4,0,"0,1,2",1,0,5,5
49,"0|1|2|3,4",4,0,"0,1,3",1,0,5,5
49,"0|1|2|3,4",4,0,"0,1,4",1,0,5,5
49,"0|1|2|3,4",4,0,"0,2,3",1,0,5,5
49,"0|1|2|3,4",4,0,"0,2,4",1,0,5,5
49,"0|1|2|3,4",4,0,"0,3,4",1,2,5,5
49,"0|1|2|3,4",4,0,"1,2,3",1,0,5,5
49,"0|1|2|3,4",4,0,"1,2,4",1,0,5,5
49,"0|1|2|3,4",4,0,"1,3,4",1,2,5,5
49,"0|1|2|3,4",4,0,"2,3,4",1,2,5,5
49,"0|1|2|3,4",4,1,"0,1,2",1,0,5,5
49,"0|1|2|3,4",4,1,"0,1,3",1,0,5,5
49,"0|1|2|3,4",4,1,"0,1,4",1,0,5,5
49,"0|1|2|3,4",4,1,"0,2,3",1,0,5,5
49,"0|1|2|3,4",4,1,"0,2,4",1,0,5,5
49,"0|1|2|3,4",4,1,"0,3,4",1,2,5,5
49,"0|1|2|3,4",4,1,"1,2,3",1,0,5,5
49,"0|1|2|3,4",4,1,"1,2,4",1,0,5,5
49,"0|1|2|3,4",4,1,"1,3,4",1,2,5,5
49,"0|1|2|3,4",4,1,"2,3,4",1,2,5,5
49,"0|1|2|3,4",4,2,"0,1,2",1,0,5,5
49,"0|1|2|3,4",4,2,"0,1,3",1,0,5,5
49,"0|1|2|3,4",4,2,"0,1,4",1,0,5,5
49,"0|1|2|3,4",4,2,"0,2,3",1,0,5,5
49,"0|1|2|3,4",4,2,"0,2,4",1,0,5,5
49,"0|1|2|3,4",4,2,"0,3,4",1,2,5,5
49,"0|1|2|3,4",4,2,"1,2,3",1,0,5,5
49,"0|1|2|3,4",4,2,"1,2,4",1,0,5,5
49,"0|1|2|3,4",4,2,"1,3,4",1,2,5,5
49,"0|1|2|3,4",4,2,"2,3,4",1,2,5,5
49,"0|1|2|3,4",4,3,"0,1,2",2,0,5,5
49,"0|1|2|3,4",4,3,"0,1,3",2,0,5,5
49,"0|1|2|3,4",4,3,"0,1,4",2,0,5,5
49,"0|1|2|3,4",4,3,"0,2,3",2,0,5,5
49,"0|1|2|3,4",4,3,"0,2,4",2,0,5,5
49,"0|1|2|3,4",4,3,"0,3,4",2,2,5,5
49,"0|1|2|3,4",4,3,"1,2,3",2,0,5,5
49,"0|1|2|3,4",4,3,"1,2,4",2,0,5,5
49,"0|1|2|3,4",4,3,"1,3,4",2,2,5,5
49,"0|1|2|3,4",4,3,"2,3,4",2,2,5,5
49,"0|1|2|3,4",4,4,"0,1,2",2,0,5,5
49,"0|1|2|3,4",4,4,"0,1,3",2,0,5,5
49,"0|1|2|3,4",4,4,"0,1,4",2,0,5,5
49,"0|1|2|3,4",4,4,"0,2,3",2,0,5,5
49,"0|1|2|3,4",4,4,"0,2,4",2,0,5,5
49,"0|1|2|3,4",4,4,"0,3,4",2,2,5,5
49,"0|1|2|3,4",4,4,"1,2,3",2,0,5,5
49,"0|1|2|3,4",4,4,"1,2,4",2,0,5,5
49,"0|1|2|3,4",4,4,"1,3,4",2,2,5,5
49,"0|1|2|3,4",4,4,"2,3,4",2,2,5,5
50,0|1|2|3|4,5,0,"0,1,2",1,0,5,5
50,0|1|2|3|4,5,0,"0,1,3",1,0,5,5
50,0|1|2|3|4,5,0,"0,1,4",1,0,5,5
50,0|1|2|3|4,5,0,"0,2,3",1,0,5,5
50,0|1|2|3|4,5,0,"0,2,4",1,0,5,5
50,0|1|2|3|4,5,0,"0,3,4",1,0,5,5
50,0|1|2|3|4,5,0,"1,2,3",1,0,5,5
50,0|1|2|3|4,5,0,"1,2,4",1,0,5,5
50,0|1|2|3|4,5,0,"1,3,4",1,0,5,5
50,0|1|2|3|4,5,0,"2,3,4",1,0,5,5
50,0|1|2|3|4,5,1,"0,1,2",1,0,5,5
50,0|1|2|3|4,5,1,"0,1,3",1,0,5,5
50,0|1|2|3|4,5,1,"0,1,4",1,0,5,5
50,0|1|2|3|4,5,1,"0,2,3",1,0,5,5
50,0|1|2|3|4,5,1,"0,2,4",1,0,5,5
50,0|1|2|3|4,5,1,"0,3,4",1,0,5,5
50,0|1|2|3|4,5,1,"1,2,3",1,0,5,5
50,0|1|2|3|4,5,1,"1,2,4",1,0,5,5
50,0|1|2|3|4,5,1,"1,3,4",1,0,5,5
50,0|1|2|3|4,5,1,"2,3,4",1,0,5,5
50,0|1|2|3|4,5,2,"0,1,2",1,0,5,5
50,0|1|2|3|4,5,2,"0,1,3",1,0,5,5
50,0|1|2|3|4,5,2,"0,1,4",1,0,5,5
50,0|1|2|3|4,5,2,"0,2,3",1,0,5,5
50,0|1|2|3|4,5,2,"0,2,4",1,0,5,5
50,0|1|2|3|4,5,2,"0,3,4",1,0,5,5
50,0|1|2|3|4,5,2,"1,2,3",1,0,5,5
50,0|1|2|3|4,5,2,"1,2,4",1,0,5,5
50,0|1|2|3|4,5,2,"1,3,4",1,0,5,5
50,0|1|2|3|4,5,2,"2,3,4",1,0,5,5
50,0|1|2|3|4,5,3,"0,1,2",1,0,5,5
50,0|1|2|3|4,5,3,"0,1,3",1,0,5,5
50,0|1|2|3|4,5,3,"0,1,4",1,0,5,5
50,0|1|2|3|4,5,3,"0,2,3",1,0,5,5
50,0|1|2|3|4,5,3,"0,2,4",1,0,5,5
50,0|1|2|3|4,5,3,"0,3,4",1,0,5,5
50,0|1|2|3|4,5,3,"1,2,3",1,0,5,5
50,0|1|2|3|4,5,3,"1,2,4",1,0,5,5
50,0|1|2|3|4,5,3,"1,3,4",1,0,5,5
50,0|1|2|3|4,5,3,"2,3,4",1,0,5,5
50,0|1|2|3|4,5,4,"0,1,2",1,0,5,5
50,0|1|2|3|4,5,4,"0,1,3",1,0,5,5
50,0|1|2|3|4,5,4,"0,1,4",1,0,5,5
50,0|1|2|3|4,5,4,"0,2,3",1,0,5,5
50,0|1|2|3|4,5,4,"0,2,4",1,0,5,5
50,0|1|2|3|4,5,4,"0,3,4",1,0,5,5
50,0|1|2|3|4,5,4,"1,2,3",1,0,5,5
50,0|1|2|3|4,5,4,"1,2,4",1,0,5,5
50,0|1|2|3|4,5,4,"1,3,4",1,0,5,5
50,0|1|2|3|4,5,4,"2,3,4",1,0,5,5
