trial,method,false_merge_pairs,false_split_pairs,predicted_same_pairs,true_same_pairs,false_merge_rate,false_split_rate
sparse=0.00;seed=7,sealed-evidence q=2,0,0,1800,1800,0.0,0.0
sparse=0.00;seed=7,sealed-evidence q=1,810,0,2610,1800,0.3103448275862069,0.0
sparse=0.00;seed=7,no negative veto,810,0,2610,1800,0.3103448275862069,0.0
sparse=0.00;seed=7,merge-forever union-find,2331,0,4131,1800,0.5642701525054467,0.0
sparse=0.00;seed=7,single-vantage local,2331,0,4131,1800,0.5642701525054467,0.0
sparse=0.00;seed=7,name-only,6900,1800,6900,1800,1.0,1.0
sparse=0.00;seed=7,last-arrival,54.8,1467.8,387,1800,0.1459758071334304,0.8154444444444444
sparse=0.00;seed=19,sealed-evidence q=2,0,0,1800,1800,0.0,0.0
sparse=0.00;seed=19,sealed-evidence q=1,810,0,2610,1800,0.3103448275862069,0.0
sparse=0.00;seed=19,no negative veto,810,0,2610,1800,0.3103448275862069,0.0
sparse=0.00;seed=19,merge-forever union-find,2331,0,4131,1800,0.5642701525054467,0.0
sparse=0.00;seed=19,single-vantage local,2331,0,4131,1800,0.5642701525054467,0.0
sparse=0.00;seed=19,name-only,6900,1800,6900,1800,1.0,1.0
sparse=0.00;seed=19,last-arrival,59,1484.8,374.2,1800,0.15961433854553317,0.8248888888888889
sparse=0.00;seed=43,sealed-evidence q=2,0,0,1800,1800,0.0,0.0
sparse=0.00;seed=43,sealed-evidence q=1,810,0,2610,1800,0.3103448275862069,0.0
sparse=0.00;seed=43,no negative veto,810,0,2610,1800,0.3103448275862069,0.0
sparse=0.00;seed=43,merge-forever union-find,2331,0,4131,1800,0.5642701525054467,0.0
sparse=0.00;seed=43,single-vantage local,2331,0,4131,1800,0.5642701525054467,0.0
sparse=0.00;seed=43,name-only,6900,1800,6900,1800,1.0,1.0
sparse=0.00;seed=43,last-arrival,53.8,1467.6,386.2,1800,0.14200216156479623,0.8153333333333334
sparse=0.00;seed=71,sealed-evidence q=2,0,0,1800,1800,0.0,0.0
sparse=0.00;seed=71,sealed-evidence q=1,810,0,2610,1800,0.3103448275862069,0.0
sparse=0.00;seed=71,no negative veto,810,0,2610,1800,0.3103448275862069,0.0
sparse=0.00;seed=71,merge-forever union-find,2331,0,4131,1800,0.5642701525054467,0.0
sparse=0.00;seed=71,single-vantage local,2331,0,4131,1800,0.5642701525054467,0.0
sparse=0.00;seed=71,name-only,6900,1800,6900,1800,1.0,1.0
sparse=0.00;seed=71,last-arrival,53.6,1464.2,389.4,1800,0.14519461095010128,0.8134444444444444
sparse=0.00;seed=97,sealed-evidence q=2,0,0,1800,1800,0.0,0.0
sparse=0.00;seed=97,sealed-evidence q=1,810,0,2610,1800,0.3103448275862069,0.0
sparse=0.00;seed=97,no negative veto,810,0,2610,1800,0.3103448275862069,0.0
sparse=0.00;seed=97,merge-forever union-find,2331,0,4131,1800,0.5642701525054467,0.0
sparse=0.00;seed=97,single-vantage local,2331,0,4131,1800,0.5642701525054467,0.0
sparse=0.00;seed=97,name-only,6900,1800,6900,1800,1.0,1.0
sparse=0.00;seed=97,last-arrival,51.2,1471.4,379.8,1800,0.137806946523905,0.8174444444444444
sparse=0.08;seed=7,sealed-evidence q=2,0,189,1611,1800,0.0,0.105
sparse=0.08;seed=7,sealed-evidence q=1,810,0,2610,1800,0.3103448275862069,0.0
sparse=0.08;seed=7,no negative veto,674,189,2285,1800,0.2949671772428884,0.105
sparse=0.08;seed=7,merge-forever union-find,2331,0,4131,1800,0.5642701525054467,0.0
sparse=0.08;seed=7,single-vantage local,2331,0,4131,1800,0.5642701525054467,0.0
sparse=0.08;seed=7,name-only,6900,1800,6900,1800,1.0,1.0
sparse=0.08;seed=7,last-arrival,53.6,1479.4,374.2,1800,0.14706202200317817,0.8218888888888889
sparse=0.08;seed=19,sealed-evidence q=2,0,188,1612,1800,0.0,0.10444444444444445
sparse=0.08;seed=19,sealed-evidence q=1,810,0,2610,1800,0.3103448275862069,0.0
sparse=0.08;seed=19,no negative veto,697,188,2309,1800,0.3018622780424426,0.10444444444444445
sparse=0.08;seed=19,merge-forever union-find,2331,0,4131,1800,0.5642701525054467,0.0
sparse=0.08;seed=19,single-vantage local,2331,0,4131,1800,0.5642701525054467,0.0
sparse=0.08;seed=19,name-only,6900,1800,6900,1800,1.0,1.0
sparse=0.08;seed=19,last-arrival,58.8,1495.4,363.4,1800,0.16278529317333645,0.8307777777777777
sparse=0.08;seed=43,sealed-evidence q=2,0,189,1611,1800,0.0,0.105
sparse=0.08;seed=43,sealed-evidence q=1,810,0,2610,1800,0.3103448275862069,0.0
sparse=0.08;seed=43,no negative veto,702,189,2313,1800,0.3035019455252918,0.105
sparse=0.08;seed=43,merge-forever union-find,2331,0,4131,1800,0.5642701525054467,0.0
sparse=0.08;seed=43,single-vantage local,2331,0,4131,1800,0.5642701525054467,0.0
sparse=0.08;seed=43,name-only,6900,1800,6900,1800,1.0,1.0
sparse=0.08;seed=43,last-arrival,53.6,1480.4,373.2,1800,0.14553357696581715,0.8224444444444444
sparse=0.08;seed=71,sealed-evidence q=2,0,185,1615,1800,0.0,0.10277777777777777
sparse=0.08;seed=71,sealed-evidence q=1,810,0,2610,1800,0.3103448275862069,0.0
sparse=0.08;seed=71,no negative veto,680,185,2295,1800,0.2962962962962963,0.10277777777777777
sparse=0.08;seed=71,merge-forever union-find,2331,0,4131,1800,0.5642701525054467,0.0
sparse=0.08;seed=71,single-vantage local,2331,0,4131,1800,0.5642701525054467,0.0
sparse=0.08;seed=71,name-only,6900,1800,6900,1800,1.0,1.0
sparse=0.08;seed=71,last-arrival,51.6,1478.4,373.2,1800,0.14498246926362252,0.8213333333333334
sparse=0.08;seed=97,sealed-evidence q=2,0,190,1610,1800,0.0,0.10555555555555556
sparse=0.08;seed=97,sealed-evidence q=1,810,0,2610,1800,0.3103448275862069,0.0
sparse=0.08;seed=97,no negative veto,702,190,2312,1800,0.3036332179930796,0.10555555555555556
sparse=0.08;seed=97,merge-forever union-find,2331,0,4131,1800,0.5642701525054467,0.0
sparse=0.08;seed=97,single-vantage local,2331,0,4131,1800,0.5642701525054467,0.0
sparse=0.08;seed=97,name-only,6900,1800,6900,1800,1.0,1.0
sparse=0.08;seed=97,last-arrival,50.6,1482.4,368.2,1800,0.1398951236828873,0.8235555555555556
sparse=0.20;seed=7,sealed-evidence q=2,0,458,1342,1800,0.0,0.2544444444444444
sparse=0.20;seed=7,sealed-evidence q=1,810,0,2610,1800,0.3103448275862069,0.0
sparse=0.20;seed=7,no negative veto,503,458,1845,1800,0.27262872628726287,0.2544444444444444
sparse=0.20;seed=7,merge-forever union-find,2331,0,4131,1800,0.5642701525054467,0.0
sparse=0.20;seed=7,single-vantage local,2331,0,4131,1800,0.5642701525054467,0.0
sparse=0.20;seed=7,name-only,6900,1800,6900,1800,1.0,1.0
sparse=0.20;seed=7,last-arrival,51.2,1499.2,352,1800,0.1492199326398173,0.8328888888888889
sparse=0.20;seed=19,sealed-evidence q=2,0,458,1342,1800,0.0,0.2544444444444444
sparse=0.20;seed=19,sealed-evidence q=1,810,0,2610,1800,0.3103448275862069,0.0
sparse=0.20;seed=19,no negative veto,549,458,1891,1800,0.2903225806451613,0.2544444444444444
sparse=0.20;seed=19,merge-forever union-find,2331,0,4131,1800,0.5642701525054467,0.0
sparse=0.20;seed=19,single-vantage local,2331,0,4131,1800,0.5642701525054467,0.0
sparse=0.20;seed=19,name-only,6900,1800,6900,1800,1.0,1.0
sparse=0.20;seed=19,last-arrival,57.6,1516.2,341.4,1800,0.16852771206373204,0.8423333333333333
sparse=0.20;seed=43,sealed-evidence q=2,0,460,1340,1800,0.0,0.25555555555555554
sparse=0.20;seed=43,sealed-evidence q=1,810,0,2610,1800,0.3103448275862069,0.0
sparse=0.20;seed=43,no negative veto,569,460,1909,1800,0.2980618124672603,0.25555555555555554
sparse=0.20;seed=43,merge-forever union-find,2331,0,4131,1800,0.5642701525054467,0.0
sparse=0.20;seed=43,single-vantage local,2331,0,4131,1800,0.5642701525054467,0.0
sparse=0.20;seed=43,name-only,6900,1800,6900,1800,1.0,1.0
sparse=0.20;seed=43,last-arrival,51.4,1504.4,347,1800,0.1492311243367707,0.8357777777777777
sparse=0.20;seed=71,sealed-evidence q=2,0,458,1342,1800,0.0,0.2544444444444444
sparse=0.20;seed=71,sealed-evidence q=1,810,0,2610,1800,0.3103448275862069,0.0
sparse=0.20;seed=71,no negative veto,532,458,1874,1800,0.2838847385272145,0.2544444444444444
sparse=0.20;seed=71,merge-forever union-find,2331,0,4131,1800,0.5642701525054467,0.0
sparse=0.20;seed=71,single-vantage local,2331,0,4131,1800,0.5642701525054467,0.0
sparse=0.20;seed=71,name-only,6900,1800,6900,1800,1.0,1.0
sparse=0.20;seed=71,last-arrival,49.2,1505,344.2,1800,0.14728693611285287,0.8361111111111111
sparse=0.20;seed=97,sealed-evidence q=2,0,454,1346,1800,0.0,0.25222222222222224
sparse=0.20;seed=97,sealed-evidence q=1,810,0,2610,1800,0.3103448275862069,0.0
sparse=0.20;seed=97,no negative veto,568,454,1914,1800,0.296760710553814,0.25222222222222224
sparse=0.20;seed=97,merge-forever union-find,2331,0,4131,1800,0.5642701525054467,0.0
sparse=0.20;seed=97,single-vantage local,2331,0,4131,1800,0.5642701525054467,0.0
sparse=0.20;seed=97,name-only,6900,1800,6900,1800,1.0,1.0
sparse=0.20;seed=97,last-arrival,48.6,1500.4,348.2,1800,0.14141550559019583,0.8335555555555556
