architecture,layout,seed,services,input_cells,endpoints,authority_replicas,partition_write_attempts,partition_write_acks,partition_write_availability,partition_query_attempts,partition_query_acks,partition_query_availability,partition_same,partition_different,partition_ambiguous,partition_unavailable,heal_rounds,final_kind,final_false_merge_pairs,final_false_split_pairs,final_cells,requests,wire_bytes,rpc_median_ms,rpc_p95_ms,certificate_generation_median_ms,certificate_verification_ms,snapshot_commits,snapshot_fsyncs,snapshot_bytes_written,client_spool_fsyncs,client_spool_bytes_written,persistence_fsyncs,persistence_bytes_written,partition_durable_bytes,final_durable_bytes,restart_recovered,elapsed_seconds
peer-evidence,authority-minority,1,100,2200,5,0,5,5,1.0,5,5,1.0,0,0,5,0,1,same,0,0,2200,101,5551607,16.04442499990455,111.91983200001232,3.0681955000204653,12.34137999995255,33,66,6597924,0,0,66,6597924,703780,1334240,1,2.9695309940000243
central-recompute,authority-minority,1,100,2200,1,1,5,2,0.4,5,2,0.4,0,0,2,3,1,same,0,0,2200,9,1013373,17.346507000070233,31.900015000019266,5.1812480000990035,11.07611099996575,5,10,803015,10,263445,20,1066460,266856,266853,1,0.32585179600005176
coordinated-quorum,authority-minority,1,100,2200,3,3,5,3,0.6,5,3,0.6,0,0,3,2,1,same,0,0,2200,38,3090659,19.17440950001037,123.97192800005996,3.8408370000411196,11.353803999895717,18,36,3387194,10,263445,46,3650639,430118,800544,1,1.2930672070000355
peer-evidence,authority-majority,1,100,2200,5,0,5,5,1.0,5,5,1.0,0,0,5,0,1,same,0,0,2200,101,5509212,15.326778000030572,111.76284900000155,3.7228340000297067,11.651131999997233,33,66,6751904,0,0,66,6751904,702310,1334240,1,2.9757526570000437
central-recompute,authority-majority,1,100,2200,1,1,5,3,0.6,5,3,0.6,0,0,3,2,1,same,0,0,2200,10,1286066,16.314104999992196,53.611626000019896,4.01938150002934,11.637924999945426,5,10,806015,10,263445,20,1069460,266855,266853,1,0.315106705000062
coordinated-quorum,authority-majority,1,100,2200,3,3,5,3,0.6,5,3,0.6,0,0,3,2,1,same,0,0,2200,41,3045526,18.324140000004263,95.78976399996009,3.472736499986695,10.406124000041928,21,42,4019058,10,263445,52,4282503,590446,800544,1,1.1620372129999623
peer-evidence,authority-minority,2,100,2200,5,0,5,5,1.0,5,5,1.0,0,0,5,0,1,same,0,0,2200,101,5551607,12.849508000044807,91.89041699994505,3.60012049998204,11.626692000049843,33,66,6597924,0,0,66,6597924,703780,1334240,1,2.299336963999963
central-recompute,authority-minority,2,100,2200,1,1,5,2,0.4,5,2,0.4,0,0,2,3,1,same,0,0,2200,9,1013373,16.421502000071087,27.36428100001831,3.9469619999863426,12.237666000032732,5,10,803015,10,263445,20,1066460,266856,266853,1,0.21880531800002245
coordinated-quorum,authority-minority,2,100,2200,3,3,5,3,0.6,5,3,0.6,0,0,3,2,1,same,0,0,2200,38,3090659,14.499765499977002,96.60357699999622,3.193582000051265,11.554526000054466,18,36,3387194,10,263445,46,3650639,430118,800544,1,1.0687167040000531
peer-evidence,authority-majority,2,100,2200,5,0,5,5,1.0,5,5,1.0,0,0,5,0,1,same,0,0,2200,101,5509212,14.612685000088277,110.50758999999744,3.4441779999951905,19.802616999982092,33,66,6751904,0,0,66,6751904,702310,1334240,1,2.715739677999977
central-recompute,authority-majority,2,100,2200,1,1,5,3,0.6,5,3,0.6,0,0,3,2,1,same,0,0,2200,10,1286066,16.68317449997403,30.92583900001955,3.7790684999663426,18.561180999995486,5,10,806015,10,263445,20,1069460,266855,266853,1,0.26440641499993944
coordinated-quorum,authority-majority,2,100,2200,3,3,5,3,0.6,5,3,0.6,0,0,3,2,1,same,0,0,2200,41,3045526,21.464617999981783,191.06066699998792,4.067077500053529,26.580580999961967,21,42,4019058,10,263445,52,4282503,590446,800544,1,1.8738919809999288
peer-evidence,authority-minority,3,100,2200,5,0,5,5,1.0,5,5,1.0,0,0,5,0,1,same,0,0,2200,101,5551607,18.24567999994997,132.86995299995397,5.156917499959945,13.45191400002932,33,66,6597924,0,0,66,6597924,703780,1334240,1,3.4359869170000366
central-recompute,authority-minority,3,100,2200,1,1,5,2,0.4,5,2,0.4,0,0,2,3,1,same,0,0,2200,9,1013373,19.206748999977208,37.5205799999776,3.401822999990145,13.975175000041418,5,10,803015,10,263445,20,1066460,266856,266853,1,0.23887510499992004
coordinated-quorum,authority-minority,3,100,2200,3,3,5,3,0.6,5,3,0.6,0,0,3,2,1,same,0,0,2200,38,3090659,17.308138500027326,100.89579499992851,3.1332529999303915,11.452844000018558,18,36,3387194,10,263445,46,3650639,430118,800544,1,1.16374124999993
peer-evidence,authority-majority,3,100,2200,5,0,5,5,1.0,5,5,1.0,0,0,5,0,1,same,0,0,2200,101,5509212,14.753698000049553,100.49526899990724,4.2630615000121,10.829180999962773,33,66,6751904,0,0,66,6751904,702310,1334240,1,2.8481698200000665
central-recompute,authority-majority,3,100,2200,1,1,5,3,0.6,5,3,0.6,0,0,3,2,1,same,0,0,2200,10,1286066,15.079419499954838,29.311571999983244,2.955353999993804,10.401906000083727,5,10,806015,10,263445,20,1069460,266855,266853,1,0.24069896499997867
coordinated-quorum,authority-majority,3,100,2200,3,3,5,3,0.6,5,3,0.6,0,0,3,2,1,same,0,0,2200,41,3045526,17.3175639999954,96.91061099999843,3.627800999993269,11.113988999909452,21,42,4019058,10,263445,52,4282503,590446,800544,1,1.2082393130000355
peer-evidence,authority-minority,4,100,2200,5,0,5,5,1.0,5,5,1.0,0,0,5,0,1,same,0,0,2200,101,5551607,13.904734999982793,101.83616900008019,3.8643339999566706,11.892874000068332,33,66,6597924,0,0,66,6597924,703780,1334240,1,2.3909069180000415
central-recompute,authority-minority,4,100,2200,1,1,5,2,0.4,5,2,0.4,0,0,2,3,1,same,0,0,2200,9,1013373,14.847287999941727,29.51960699999745,3.3406310000145822,10.514499999999316,5,10,803015,10,263445,20,1066460,266856,266853,1,0.21511395200002426
coordinated-quorum,authority-minority,4,100,2200,3,3,5,3,0.6,5,3,0.6,0,0,3,2,1,same,0,0,2200,38,3090659,16.481915500037303,91.12562999996499,3.843126500044036,11.22928300003423,18,36,3387194,10,263445,46,3650639,430118,800544,1,1.0502528920000032
peer-evidence,authority-majority,4,100,2200,5,0,5,5,1.0,5,5,1.0,0,0,5,0,1,same,0,0,2200,101,5509212,13.37437500001215,93.30703499995252,3.6909849999915423,14.887520999991466,33,66,6751904,0,0,66,6751904,702310,1334240,1,2.3445241739999574
central-recompute,authority-majority,4,100,2200,1,1,5,3,0.6,5,3,0.6,0,0,3,2,1,same,0,0,2200,10,1286066,14.259709499981454,29.396066000003884,4.411651999987498,14.054037000050812,5,10,806015,10,263445,20,1069460,266855,266853,1,0.2339240300000256
coordinated-quorum,authority-majority,4,100,2200,3,3,5,3,0.6,5,3,0.6,0,0,3,2,1,same,0,0,2200,41,3045526,16.040857000007236,88.47827600004621,3.5455745000376737,10.273003999941466,21,42,4019058,10,263445,52,4282503,590446,800544,1,1.1388180190000412
peer-evidence,authority-minority,5,100,2200,5,0,5,5,1.0,5,5,1.0,0,0,5,0,1,same,0,0,2200,101,5551607,14.919050999992578,89.80311499999516,3.9664994999952796,11.668475000078615,33,66,6597924,0,0,66,6597924,703780,1334240,1,2.337450611999998
central-recompute,authority-minority,5,100,2200,1,1,5,2,0.4,5,2,0.4,0,0,2,3,1,same,0,0,2200,9,1013373,13.61680399998022,34.41140600000381,3.3801939999875685,10.519960999999967,5,10,803015,10,263445,20,1066460,266856,266853,1,0.2287000229999876
coordinated-quorum,authority-minority,5,100,2200,3,3,5,3,0.6,5,3,0.6,0,0,3,2,1,same,0,0,2200,38,3090659,16.909845999975914,95.0882110000748,3.146922000041741,15.64888300003986,18,36,3387194,10,263445,46,3650639,430118,800544,1,1.0238225609999745
peer-evidence,authority-majority,5,100,2200,5,0,5,5,1.0,5,5,1.0,0,0,5,0,1,same,0,0,2200,101,5509212,13.88808500007599,89.94448900000407,3.8629869999908806,10.453047999931186,33,66,6751904,0,0,66,6751904,702310,1334240,1,2.3244394009999496
central-recompute,authority-majority,5,100,2200,1,1,5,3,0.6,5,3,0.6,0,0,3,2,1,same,0,0,2200,10,1286066,14.963717499995255,31.938615999933972,4.630859500025508,11.281377000045723,5,10,806015,10,263445,20,1069460,266855,266853,1,0.2985462289999532
coordinated-quorum,authority-majority,5,100,2200,3,3,5,3,0.6,5,3,0.6,0,0,3,2,1,same,0,0,2200,41,3045526,17.17930699999215,97.50312299991037,3.053385999976399,10.523397000042678,21,42,4019058,10,263445,52,4282503,590446,800544,1,1.1659749660000216
