configuration,seed,observations,scheduled_initial_messages,delivered_messages,repair_messages,duplicate_messages,payload_bytes,pre_repair_converged,post_repair_converged,false_merge_pairs,false_split_pairs,elapsed_seconds
reorder-only,5,8800,44000,44000,0,0,5224800,1,1,0,0,0.9088225990000183
reorder-only,17,8800,44000,44000,0,0,5224800,1,1,0,0,0.9420861790000572
reorder-only,29,8800,44000,44000,0,0,5224800,1,1,0,0,1.455577925000057
reorder-only,41,8800,44000,44000,0,0,5224800,1,1,0,0,2.135168453999995
reorder-only,53,8800,44000,44000,0,0,5224800,1,1,0,0,0.8742133099999592
loss,5,8800,44000,44000,5217,0,5224800,0,1,0,0,1.9368874880000249
loss,17,8800,44000,44000,5075,0,5224800,0,1,0,0,2.3709041309999748
loss,29,8800,44000,44000,5169,0,5224800,0,1,0,0,1.5111125409999886
loss,41,8800,44000,44000,5250,0,5224800,0,1,0,0,1.9888765340000418
loss,53,8800,44000,44000,5237,0,5224800,0,1,0,0,1.9137283180000395
duplication,5,8800,44000,54993,0,10993,6530209,1,1,0,0,2.212913080000021
duplication,17,8800,44000,55075,0,11075,6539662,1,1,0,0,2.0947575339999958
duplication,29,8800,44000,55025,0,11025,6534031,1,1,0,0,1.6893648740000344
duplication,41,8800,44000,55031,0,11031,6534795,1,1,0,0,1.2106707620000634
duplication,53,8800,44000,54850,0,10850,6513184,1,1,0,0,1.1134504689999858
partition,5,8800,44000,44000,9086,0,5224800,0,1,0,0,0.9401094980000835
partition,17,8800,44000,44000,9136,0,5224800,0,1,0,0,0.9004824109999845
partition,29,8800,44000,44000,9179,0,5224800,0,1,0,0,1.1581692009999642
partition,41,8800,44000,44000,9267,0,5224800,0,1,0,0,1.8828120299999682
partition,53,8800,44000,44000,9172,0,5224800,0,1,0,0,1.8096673200000168
combined,5,8800,44000,47724,10877,4794,5666793,0,1,0,0,1.2565531489999557
combined,17,8800,44000,47763,10710,4807,5671585,0,1,0,0,1.0778942749999487
combined,29,8800,44000,47798,10884,4881,5675640,0,1,0,0,0.9076364899999589
combined,41,8800,44000,47724,10696,4864,5666707,0,1,0,0,0.9676358309999387
combined,53,8800,44000,47666,10822,4773,5659869,0,1,0,0,0.9572333080000135
