left,right,truth,prediction,reason
au-feminist:probe,au-feminist:control,same,unknown,insufficient-independent-evidence
au-feminist:probe,it-nmrc:probe,different,unknown,insufficient-independent-evidence
au-feminist:probe,it-nmrc:control,different,unknown,insufficient-independent-evidence
au-feminist:probe,cn-efindlove:probe,different,unknown,insufficient-independent-evidence
au-feminist:probe,cn-efindlove:control,different,unknown,insufficient-independent-evidence
au-feminist:probe,tm-aspnetcdn:probe,different,unknown,insufficient-independent-evidence
au-feminist:probe,tm-aspnetcdn:control,different,unknown,insufficient-independent-evidence
au-feminist:probe,ir-facebook:probe,different,unknown,insufficient-independent-evidence
au-feminist:probe,ir-facebook:control,different,unknown,insufficient-independent-evidence
au-feminist:probe,ir-yooz:probe,different,unknown,insufficient-independent-evidence
au-feminist:probe,ir-yooz:control,different,unknown,insufficient-independent-evidence
au-feminist:probe,my-religioustolerance:probe,different,different,disjoint-endpoints-and-two-http-conflicts
au-feminist:probe,my-religioustolerance:control,different,different,disjoint-endpoints-and-two-http-conflicts
au-feminist:probe,us-collegehumor:probe,different,different,disjoint-endpoints-and-two-http-conflicts
au-feminist:probe,us-collegehumor:control,different,different,disjoint-endpoints-and-two-http-conflicts
au-feminist:probe,es-postmaster:probe,different,different,disjoint-endpoints-and-two-http-conflicts
au-feminist:probe,es-postmaster:control,different,different,disjoint-endpoints-and-two-http-conflicts
au-feminist:probe,sk-wikispaces:probe,different,unknown,insufficient-independent-evidence
au-feminist:probe,sk-wikispaces:control,different,unknown,insufficient-independent-evidence
au-feminist:probe,nl-fa-wikipedia:probe,different,unknown,insufficient-independent-evidence
au-feminist:probe,nl-fa-wikipedia:control,different,different,disjoint-endpoints-and-two-http-conflicts
au-feminist:probe,ir-fa-wikipedia:probe,different,unknown,insufficient-independent-evidence
au-feminist:probe,ir-fa-wikipedia:control,different,unknown,insufficient-independent-evidence
au-feminist:control,it-nmrc:probe,different,unknown,insufficient-independent-evidence
au-feminist:control,it-nmrc:control,different,unknown,insufficient-independent-evidence
au-feminist:control,cn-efindlove:probe,different,different,disjoint-endpoints-and-two-http-conflicts
au-feminist:control,cn-efindlove:control,different,unknown,insufficient-independent-evidence
au-feminist:control,tm-aspnetcdn:probe,different,unknown,insufficient-independent-evidence
au-feminist:control,tm-aspnetcdn:control,different,unknown,insufficient-independent-evidence
au-feminist:control,ir-facebook:probe,different,unknown,insufficient-independent-evidence
au-feminist:control,ir-facebook:control,different,unknown,insufficient-independent-evidence
au-feminist:control,ir-yooz:probe,different,unknown,insufficient-independent-evidence
au-feminist:control,ir-yooz:control,different,unknown,insufficient-independent-evidence
au-feminist:control,my-religioustolerance:probe,different,unknown,insufficient-independent-evidence
au-feminist:control,my-religioustolerance:control,different,different,disjoint-endpoints-and-two-http-conflicts
au-feminist:control,us-collegehumor:probe,different,unknown,insufficient-independent-evidence
au-feminist:control,us-collegehumor:control,different,different,disjoint-endpoints-and-two-http-conflicts
au-feminist:control,es-postmaster:probe,different,unknown,insufficient-independent-evidence
au-feminist:control,es-postmaster:control,different,unknown,insufficient-independent-evidence
au-feminist:control,sk-wikispaces:probe,different,unknown,insufficient-independent-evidence
au-feminist:control,sk-wikispaces:control,different,unknown,insufficient-independent-evidence
au-feminist:control,nl-fa-wikipedia:probe,different,unknown,insufficient-independent-evidence
au-feminist:control,nl-fa-wikipedia:control,different,unknown,insufficient-independent-evidence
au-feminist:control,ir-fa-wikipedia:probe,different,unknown,insufficient-independent-evidence
au-feminist:control,ir-fa-wikipedia:control,different,unknown,insufficient-independent-evidence
it-nmrc:probe,it-nmrc:control,same,unknown,insufficient-independent-evidence
it-nmrc:probe,cn-efindlove:probe,different,unknown,insufficient-independent-evidence
it-nmrc:probe,cn-efindlove:control,different,unknown,insufficient-independent-evidence
it-nmrc:probe,tm-aspnetcdn:probe,different,unknown,insufficient-independent-evidence
it-nmrc:probe,tm-aspnetcdn:control,different,unknown,insufficient-independent-evidence
it-nmrc:probe,ir-facebook:probe,different,unknown,insufficient-independent-evidence
it-nmrc:probe,ir-facebook:control,different,unknown,insufficient-independent-evidence
it-nmrc:probe,ir-yooz:probe,different,unknown,insufficient-independent-evidence
it-nmrc:probe,ir-yooz:control,different,unknown,insufficient-independent-evidence
it-nmrc:probe,my-religioustolerance:probe,different,unknown,insufficient-independent-evidence
it-nmrc:probe,my-religioustolerance:control,different,unknown,insufficient-independent-evidence
it-nmrc:probe,us-collegehumor:probe,different,unknown,insufficient-independent-evidence
it-nmrc:probe,us-collegehumor:control,different,unknown,insufficient-independent-evidence
it-nmrc:probe,es-postmaster:probe,different,unknown,insufficient-independent-evidence
it-nmrc:probe,es-postmaster:control,different,unknown,insufficient-independent-evidence
it-nmrc:probe,sk-wikispaces:probe,different,unknown,insufficient-independent-evidence
it-nmrc:probe,sk-wikispaces:control,different,unknown,insufficient-independent-evidence
it-nmrc:probe,nl-fa-wikipedia:probe,different,unknown,insufficient-independent-evidence
it-nmrc:probe,nl-fa-wikipedia:control,different,unknown,insufficient-independent-evidence
it-nmrc:probe,ir-fa-wikipedia:probe,different,unknown,insufficient-independent-evidence
it-nmrc:probe,ir-fa-wikipedia:control,different,unknown,insufficient-independent-evidence
it-nmrc:control,cn-efindlove:probe,different,unknown,insufficient-independent-evidence
it-nmrc:control,cn-efindlove:control,different,unknown,insufficient-independent-evidence
it-nmrc:control,tm-aspnetcdn:probe,different,unknown,insufficient-independent-evidence
it-nmrc:control,tm-aspnetcdn:control,different,unknown,insufficient-independent-evidence
it-nmrc:control,ir-facebook:probe,different,unknown,insufficient-independent-evidence
it-nmrc:control,ir-facebook:control,different,unknown,insufficient-independent-evidence
it-nmrc:control,ir-yooz:probe,different,unknown,insufficient-independent-evidence
it-nmrc:control,ir-yooz:control,different,unknown,insufficient-independent-evidence
it-nmrc:control,my-religioustolerance:probe,different,unknown,insufficient-independent-evidence
it-nmrc:control,my-religioustolerance:control,different,unknown,insufficient-independent-evidence
it-nmrc:control,us-collegehumor:probe,different,unknown,insufficient-independent-evidence
it-nmrc:control,us-collegehumor:control,different,unknown,insufficient-independent-evidence
it-nmrc:control,es-postmaster:probe,different,unknown,insufficient-independent-evidence
it-nmrc:control,es-postmaster:control,different,unknown,insufficient-independent-evidence
it-nmrc:control,sk-wikispaces:probe,different,unknown,insufficient-independent-evidence
it-nmrc:control,sk-wikispaces:control,different,unknown,insufficient-independent-evidence
it-nmrc:control,nl-fa-wikipedia:probe,different,unknown,insufficient-independent-evidence
it-nmrc:control,nl-fa-wikipedia:control,different,unknown,insufficient-independent-evidence
it-nmrc:control,ir-fa-wikipedia:probe,different,unknown,insufficient-independent-evidence
it-nmrc:control,ir-fa-wikipedia:control,different,unknown,insufficient-independent-evidence
cn-efindlove:probe,cn-efindlove:control,same,unknown,insufficient-independent-evidence
cn-efindlove:probe,tm-aspnetcdn:probe,different,unknown,insufficient-independent-evidence
cn-efindlove:probe,tm-aspnetcdn:control,different,unknown,insufficient-independent-evidence
cn-efindlove:probe,ir-facebook:probe,different,unknown,insufficient-independent-evidence
cn-efindlove:probe,ir-facebook:control,different,unknown,insufficient-independent-evidence
cn-efindlove:probe,ir-yooz:probe,different,unknown,insufficient-independent-evidence
cn-efindlove:probe,ir-yooz:control,different,unknown,insufficient-independent-evidence
cn-efindlove:probe,my-religioustolerance:probe,different,different,disjoint-endpoints-and-two-http-conflicts
cn-efindlove:probe,my-religioustolerance:control,different,different,disjoint-endpoints-and-two-http-conflicts
cn-efindlove:probe,us-collegehumor:probe,different,different,disjoint-endpoints-and-two-http-conflicts
cn-efindlove:probe,us-collegehumor:control,different,different,disjoint-endpoints-and-two-http-conflicts
cn-efindlove:probe,es-postmaster:probe,different,different,disjoint-endpoints-and-two-http-conflicts
cn-efindlove:probe,es-postmaster:control,different,different,disjoint-endpoints-and-two-http-conflicts
cn-efindlove:probe,sk-wikispaces:probe,different,unknown,insufficient-independent-evidence
cn-efindlove:probe,sk-wikispaces:control,different,unknown,insufficient-independent-evidence
cn-efindlove:probe,nl-fa-wikipedia:probe,different,unknown,insufficient-independent-evidence
cn-efindlove:probe,nl-fa-wikipedia:control,different,different,disjoint-endpoints-and-two-http-conflicts
cn-efindlove:probe,ir-fa-wikipedia:probe,different,unknown,insufficient-independent-evidence
cn-efindlove:probe,ir-fa-wikipedia:control,different,unknown,insufficient-independent-evidence
cn-efindlove:control,tm-aspnetcdn:probe,different,unknown,insufficient-independent-evidence
cn-efindlove:control,tm-aspnetcdn:control,different,unknown,insufficient-independent-evidence
cn-efindlove:control,ir-facebook:probe,different,unknown,insufficient-independent-evidence
cn-efindlove:control,ir-facebook:control,different,unknown,insufficient-independent-evidence
cn-efindlove:control,ir-yooz:probe,different,unknown,insufficient-independent-evidence
cn-efindlove:control,ir-yooz:control,different,unknown,insufficient-independent-evidence
cn-efindlove:control,my-religioustolerance:probe,different,unknown,insufficient-independent-evidence
cn-efindlove:control,my-religioustolerance:control,different,unknown,insufficient-independent-evidence
cn-efindlove:control,us-collegehumor:probe,different,unknown,insufficient-independent-evidence
cn-efindlove:control,us-collegehumor:control,different,unknown,insufficient-independent-evidence
cn-efindlove:control,es-postmaster:probe,different,unknown,insufficient-independent-evidence
cn-efindlove:control,es-postmaster:control,different,unknown,insufficient-independent-evidence
cn-efindlove:control,sk-wikispaces:probe,different,unknown,insufficient-independent-evidence
cn-efindlove:control,sk-wikispaces:control,different,unknown,insufficient-independent-evidence
cn-efindlove:control,nl-fa-wikipedia:probe,different,unknown,insufficient-independent-evidence
cn-efindlove:control,nl-fa-wikipedia:control,different,unknown,insufficient-independent-evidence
cn-efindlove:control,ir-fa-wikipedia:probe,different,unknown,insufficient-independent-evidence
cn-efindlove:control,ir-fa-wikipedia:control,different,unknown,insufficient-independent-evidence
tm-aspnetcdn:probe,tm-aspnetcdn:control,same,unknown,insufficient-independent-evidence
tm-aspnetcdn:probe,ir-facebook:probe,different,unknown,insufficient-independent-evidence
tm-aspnetcdn:probe,ir-facebook:control,different,unknown,insufficient-independent-evidence
tm-aspnetcdn:probe,ir-yooz:probe,different,unknown,insufficient-independent-evidence
tm-aspnetcdn:probe,ir-yooz:control,different,unknown,insufficient-independent-evidence
tm-aspnetcdn:probe,my-religioustolerance:probe,different,unknown,insufficient-independent-evidence
tm-aspnetcdn:probe,my-religioustolerance:control,different,unknown,insufficient-independent-evidence
tm-aspnetcdn:probe,us-collegehumor:probe,different,unknown,insufficient-independent-evidence
tm-aspnetcdn:probe,us-collegehumor:control,different,unknown,insufficient-independent-evidence
tm-aspnetcdn:probe,es-postmaster:probe,different,unknown,insufficient-independent-evidence
tm-aspnetcdn:probe,es-postmaster:control,different,unknown,insufficient-independent-evidence
tm-aspnetcdn:probe,sk-wikispaces:probe,different,unknown,insufficient-independent-evidence
tm-aspnetcdn:probe,sk-wikispaces:control,different,unknown,insufficient-independent-evidence
tm-aspnetcdn:probe,nl-fa-wikipedia:probe,different,unknown,insufficient-independent-evidence
tm-aspnetcdn:probe,nl-fa-wikipedia:control,different,unknown,insufficient-independent-evidence
tm-aspnetcdn:probe,ir-fa-wikipedia:probe,different,unknown,insufficient-independent-evidence
tm-aspnetcdn:probe,ir-fa-wikipedia:control,different,unknown,insufficient-independent-evidence
tm-aspnetcdn:control,ir-facebook:probe,different,unknown,insufficient-independent-evidence
tm-aspnetcdn:control,ir-facebook:control,different,unknown,insufficient-independent-evidence
tm-aspnetcdn:control,ir-yooz:probe,different,unknown,insufficient-independent-evidence
tm-aspnetcdn:control,ir-yooz:control,different,unknown,insufficient-independent-evidence
tm-aspnetcdn:control,my-religioustolerance:probe,different,unknown,insufficient-independent-evidence
tm-aspnetcdn:control,my-religioustolerance:control,different,unknown,insufficient-independent-evidence
tm-aspnetcdn:control,us-collegehumor:probe,different,unknown,insufficient-independent-evidence
tm-aspnetcdn:control,us-collegehumor:control,different,unknown,insufficient-independent-evidence
tm-aspnetcdn:control,es-postmaster:probe,different,unknown,insufficient-independent-evidence
tm-aspnetcdn:control,es-postmaster:control,different,unknown,insufficient-independent-evidence
tm-aspnetcdn:control,sk-wikispaces:probe,different,unknown,insufficient-independent-evidence
tm-aspnetcdn:control,sk-wikispaces:control,different,unknown,insufficient-independent-evidence
tm-aspnetcdn:control,nl-fa-wikipedia:probe,different,unknown,insufficient-independent-evidence
tm-aspnetcdn:control,nl-fa-wikipedia:control,different,unknown,insufficient-independent-evidence
tm-aspnetcdn:control,ir-fa-wikipedia:probe,different,unknown,insufficient-independent-evidence
tm-aspnetcdn:control,ir-fa-wikipedia:control,different,unknown,insufficient-independent-evidence
ir-facebook:probe,ir-facebook:control,same,unknown,insufficient-independent-evidence
ir-facebook:probe,ir-yooz:probe,different,unknown,insufficient-independent-evidence
ir-facebook:probe,ir-yooz:control,different,unknown,insufficient-independent-evidence
ir-facebook:probe,my-religioustolerance:probe,different,unknown,insufficient-independent-evidence
ir-facebook:probe,my-religioustolerance:control,different,unknown,insufficient-independent-evidence
ir-facebook:probe,us-collegehumor:probe,different,unknown,insufficient-independent-evidence
ir-facebook:probe,us-collegehumor:control,different,unknown,insufficient-independent-evidence
ir-facebook:probe,es-postmaster:probe,different,unknown,insufficient-independent-evidence
ir-facebook:probe,es-postmaster:control,different,unknown,insufficient-independent-evidence
ir-facebook:probe,sk-wikispaces:probe,different,unknown,insufficient-independent-evidence
ir-facebook:probe,sk-wikispaces:control,different,unknown,insufficient-independent-evidence
ir-facebook:probe,nl-fa-wikipedia:probe,different,unknown,insufficient-independent-evidence
ir-facebook:probe,nl-fa-wikipedia:control,different,unknown,insufficient-independent-evidence
ir-facebook:probe,ir-fa-wikipedia:probe,different,unknown,insufficient-independent-evidence
ir-facebook:probe,ir-fa-wikipedia:control,different,unknown,insufficient-independent-evidence
ir-facebook:control,ir-yooz:probe,different,unknown,insufficient-independent-evidence
ir-facebook:control,ir-yooz:control,different,unknown,insufficient-independent-evidence
ir-facebook:control,my-religioustolerance:probe,different,unknown,insufficient-independent-evidence
ir-facebook:control,my-religioustolerance:control,different,unknown,insufficient-independent-evidence
ir-facebook:control,us-collegehumor:probe,different,unknown,insufficient-independent-evidence
ir-facebook:control,us-collegehumor:control,different,unknown,insufficient-independent-evidence
ir-facebook:control,es-postmaster:probe,different,unknown,insufficient-independent-evidence
ir-facebook:control,es-postmaster:control,different,unknown,insufficient-independent-evidence
ir-facebook:control,sk-wikispaces:probe,different,unknown,insufficient-independent-evidence
ir-facebook:control,sk-wikispaces:control,different,unknown,insufficient-independent-evidence
ir-facebook:control,nl-fa-wikipedia:probe,different,unknown,insufficient-independent-evidence
ir-facebook:control,nl-fa-wikipedia:control,different,unknown,insufficient-independent-evidence
ir-facebook:control,ir-fa-wikipedia:probe,different,unknown,insufficient-independent-evidence
ir-facebook:control,ir-fa-wikipedia:control,different,unknown,insufficient-independent-evidence
ir-yooz:probe,ir-yooz:control,same,unknown,insufficient-independent-evidence
ir-yooz:probe,my-religioustolerance:probe,different,unknown,insufficient-independent-evidence
ir-yooz:probe,my-religioustolerance:control,different,unknown,insufficient-independent-evidence
ir-yooz:probe,us-collegehumor:probe,different,unknown,insufficient-independent-evidence
ir-yooz:probe,us-collegehumor:control,different,unknown,insufficient-independent-evidence
ir-yooz:probe,es-postmaster:probe,different,unknown,insufficient-independent-evidence
ir-yooz:probe,es-postmaster:control,different,unknown,insufficient-independent-evidence
ir-yooz:probe,sk-wikispaces:probe,different,unknown,insufficient-independent-evidence
ir-yooz:probe,sk-wikispaces:control,different,unknown,insufficient-independent-evidence
ir-yooz:probe,nl-fa-wikipedia:probe,different,unknown,insufficient-independent-evidence
ir-yooz:probe,nl-fa-wikipedia:control,different,unknown,insufficient-independent-evidence
ir-yooz:probe,ir-fa-wikipedia:probe,different,unknown,insufficient-independent-evidence
ir-yooz:probe,ir-fa-wikipedia:control,different,unknown,insufficient-independent-evidence
ir-yooz:control,my-religioustolerance:probe,different,unknown,insufficient-independent-evidence
ir-yooz:control,my-religioustolerance:control,different,unknown,insufficient-independent-evidence
ir-yooz:control,us-collegehumor:probe,different,unknown,insufficient-independent-evidence
ir-yooz:control,us-collegehumor:control,different,unknown,insufficient-independent-evidence
ir-yooz:control,es-postmaster:probe,different,unknown,insufficient-independent-evidence
ir-yooz:control,es-postmaster:control,different,unknown,insufficient-independent-evidence
ir-yooz:control,sk-wikispaces:probe,different,unknown,insufficient-independent-evidence
ir-yooz:control,sk-wikispaces:control,different,unknown,insufficient-independent-evidence
ir-yooz:control,nl-fa-wikipedia:probe,different,unknown,insufficient-independent-evidence
ir-yooz:control,nl-fa-wikipedia:control,different,unknown,insufficient-independent-evidence
ir-yooz:control,ir-fa-wikipedia:probe,different,unknown,insufficient-independent-evidence
ir-yooz:control,ir-fa-wikipedia:control,different,unknown,insufficient-independent-evidence
my-religioustolerance:probe,my-religioustolerance:control,same,same,successful-endpoint-and-http-signature
my-religioustolerance:probe,us-collegehumor:probe,different,unknown,insufficient-independent-evidence
my-religioustolerance:probe,us-collegehumor:control,different,unknown,insufficient-independent-evidence
my-religioustolerance:probe,es-postmaster:probe,different,unknown,insufficient-independent-evidence
my-religioustolerance:probe,es-postmaster:control,different,unknown,insufficient-independent-evidence
my-religioustolerance:probe,sk-wikispaces:probe,different,unknown,insufficient-independent-evidence
my-religioustolerance:probe,sk-wikispaces:control,different,unknown,insufficient-independent-evidence
my-religioustolerance:probe,nl-fa-wikipedia:probe,different,unknown,insufficient-independent-evidence
my-religioustolerance:probe,nl-fa-wikipedia:control,different,unknown,insufficient-independent-evidence
my-religioustolerance:probe,ir-fa-wikipedia:probe,different,unknown,insufficient-independent-evidence
my-religioustolerance:probe,ir-fa-wikipedia:control,different,unknown,insufficient-independent-evidence
my-religioustolerance:control,us-collegehumor:probe,different,unknown,insufficient-independent-evidence
my-religioustolerance:control,us-collegehumor:control,different,unknown,insufficient-independent-evidence
my-religioustolerance:control,es-postmaster:probe,different,unknown,insufficient-independent-evidence
my-religioustolerance:control,es-postmaster:control,different,unknown,insufficient-independent-evidence
my-religioustolerance:control,sk-wikispaces:probe,different,unknown,insufficient-independent-evidence
my-religioustolerance:control,sk-wikispaces:control,different,unknown,insufficient-independent-evidence
my-religioustolerance:control,nl-fa-wikipedia:probe,different,unknown,insufficient-independent-evidence
my-religioustolerance:control,nl-fa-wikipedia:control,different,unknown,insufficient-independent-evidence
my-religioustolerance:control,ir-fa-wikipedia:probe,different,unknown,insufficient-independent-evidence
my-religioustolerance:control,ir-fa-wikipedia:control,different,unknown,insufficient-independent-evidence
us-collegehumor:probe,us-collegehumor:control,same,same,successful-endpoint-and-http-signature
us-collegehumor:probe,es-postmaster:probe,different,unknown,insufficient-independent-evidence
us-collegehumor:probe,es-postmaster:control,different,unknown,insufficient-independent-evidence
us-collegehumor:probe,sk-wikispaces:probe,different,unknown,insufficient-independent-evidence
us-collegehumor:probe,sk-wikispaces:control,different,unknown,insufficient-independent-evidence
us-collegehumor:probe,nl-fa-wikipedia:probe,different,unknown,insufficient-independent-evidence
us-collegehumor:probe,nl-fa-wikipedia:control,different,unknown,insufficient-independent-evidence
us-collegehumor:probe,ir-fa-wikipedia:probe,different,unknown,insufficient-independent-evidence
us-collegehumor:probe,ir-fa-wikipedia:control,different,unknown,insufficient-independent-evidence
us-collegehumor:control,es-postmaster:probe,different,unknown,insufficient-independent-evidence
us-collegehumor:control,es-postmaster:control,different,unknown,insufficient-independent-evidence
us-collegehumor:control,sk-wikispaces:probe,different,unknown,insufficient-independent-evidence
us-collegehumor:control,sk-wikispaces:control,different,unknown,insufficient-independent-evidence
us-collegehumor:control,nl-fa-wikipedia:probe,different,unknown,insufficient-independent-evidence
us-collegehumor:control,nl-fa-wikipedia:control,different,unknown,insufficient-independent-evidence
us-collegehumor:control,ir-fa-wikipedia:probe,different,unknown,insufficient-independent-evidence
us-collegehumor:control,ir-fa-wikipedia:control,different,unknown,insufficient-independent-evidence
es-postmaster:probe,es-postmaster:control,same,same,successful-endpoint-and-http-signature
es-postmaster:probe,sk-wikispaces:probe,different,unknown,insufficient-independent-evidence
es-postmaster:probe,sk-wikispaces:control,different,unknown,insufficient-independent-evidence
es-postmaster:probe,nl-fa-wikipedia:probe,different,unknown,insufficient-independent-evidence
es-postmaster:probe,nl-fa-wikipedia:control,different,unknown,insufficient-independent-evidence
es-postmaster:probe,ir-fa-wikipedia:probe,different,unknown,insufficient-independent-evidence
es-postmaster:probe,ir-fa-wikipedia:control,different,unknown,insufficient-independent-evidence
es-postmaster:control,sk-wikispaces:probe,different,unknown,insufficient-independent-evidence
es-postmaster:control,sk-wikispaces:control,different,unknown,insufficient-independent-evidence
es-postmaster:control,nl-fa-wikipedia:probe,different,unknown,insufficient-independent-evidence
es-postmaster:control,nl-fa-wikipedia:control,different,unknown,insufficient-independent-evidence
es-postmaster:control,ir-fa-wikipedia:probe,different,unknown,insufficient-independent-evidence
es-postmaster:control,ir-fa-wikipedia:control,different,unknown,insufficient-independent-evidence
sk-wikispaces:probe,sk-wikispaces:control,same,unknown,insufficient-independent-evidence
sk-wikispaces:probe,nl-fa-wikipedia:probe,different,unknown,insufficient-independent-evidence
sk-wikispaces:probe,nl-fa-wikipedia:control,different,unknown,insufficient-independent-evidence
sk-wikispaces:probe,ir-fa-wikipedia:probe,different,unknown,insufficient-independent-evidence
sk-wikispaces:probe,ir-fa-wikipedia:control,different,unknown,insufficient-independent-evidence
sk-wikispaces:control,nl-fa-wikipedia:probe,different,unknown,insufficient-independent-evidence
sk-wikispaces:control,nl-fa-wikipedia:control,different,unknown,insufficient-independent-evidence
sk-wikispaces:control,ir-fa-wikipedia:probe,different,unknown,insufficient-independent-evidence
sk-wikispaces:control,ir-fa-wikipedia:control,different,unknown,insufficient-independent-evidence
nl-fa-wikipedia:probe,nl-fa-wikipedia:control,same,unknown,insufficient-independent-evidence
nl-fa-wikipedia:probe,ir-fa-wikipedia:probe,same,unknown,insufficient-independent-evidence
nl-fa-wikipedia:probe,ir-fa-wikipedia:control,same,unknown,insufficient-independent-evidence
nl-fa-wikipedia:control,ir-fa-wikipedia:probe,same,unknown,insufficient-independent-evidence
nl-fa-wikipedia:control,ir-fa-wikipedia:control,same,unknown,insufficient-independent-evidence
ir-fa-wikipedia:probe,ir-fa-wikipedia:control,same,unknown,insufficient-independent-evidence
