kind,query_left,query_right,path_or_edge_count,authorization_gap,certificate_bytes,generation_ms,verification_ms
ambiguous,h00000-0,h00000-2,1,1,449,10.471825999957218,88.0197550000048
same,h00001-0,h00001-2,2,0,748,16.09786799997437,33.98026200000004
same,h00002-0,h00002-2,2,0,748,9.68286900001658,27.58852299996306
same,h00003-0,h00003-2,2,0,748,8.16193800005749,40.825571000027594
same,h00004-0,h00004-2,2,0,748,12.887293999938265,30.104663999964032
ambiguous,h00005-0,h00005-2,1,1,449,9.901756000090245,38.940658999990774
same,h00006-0,h00006-2,2,0,748,11.38029700007337,32.70136700007242
same,h00007-0,h00007-2,2,0,748,7.621439999979884,25.550632999966183
same,h00008-0,h00008-2,2,0,748,8.18567399994663,29.542360000050394
same,h00009-0,h00009-2,2,0,748,9.837728999968931,28.035583999894698
same,h00010-0,h00010-2,2,0,748,9.177705999945829,27.69234000004417
same,h00011-0,h00011-2,2,0,748,7.723036000015782,29.88940199998069
same,h00012-0,h00012-2,2,0,748,8.288791000040874,27.176835999966897
ambiguous,h00013-0,h00013-2,1,1,453,8.76881500005311,29.629472000010537
same,h00014-0,h00014-2,2,0,748,8.996415000069646,27.599872000109826
same,h00015-0,h00015-2,2,0,748,8.415552999963438,27.678266000066287
ambiguous,h00016-0,h00016-2,1,1,453,8.60783400003129,70.23556899991945
ambiguous,h00017-0,h00017-2,1,1,453,11.311130000080993,51.603215999989516
same,h00018-0,h00018-2,2,0,748,25.66411300006166,32.426953000026515
same,h00019-0,h00019-2,2,0,748,8.624539000038567,50.15099899992492
ambiguous,h00000-1,h00000-2,1,1,449,7.768885000018599,40.2254030000222
different,h00000-2,h00003-2,1,0,248,14.248200999986693,34.581302999981745
ambiguous,h00001-2,h00020-2,1,1,451,8.055784000021049,29.678503000013734
different,h00001-2,h00044-2,1,0,248,7.8253210000411855,25.509616000022106
different,h00002-2,h00037-2,1,0,248,7.263729999976931,29.802515000028507
ambiguous,h00003-2,h00054-2,1,1,451,8.147344000008161,34.20514499998717
different,h00004-2,h00071-2,1,0,248,8.199423000064598,30.95583499998611
ambiguous,h00005-0,h00005-1,1,1,449,15.112777000013011,33.116406999965875
ambiguous,h00005-2,h00088-2,1,1,453,11.91542800006573,36.736177999955544
ambiguous,h00006-2,h00059-2,1,1,451,13.575668000044061,27.1220209999683
different,h00006-2,h00105-2,1,0,248,7.90178299996569,23.109397999974135
ambiguous,h00007-2,h00122-2,1,1,453,7.5037709999605795,36.616772999991554
ambiguous,h00008-2,h00015-2,1,1,453,7.868423999980223,33.75415999994402
different,h00008-2,h00139-2,1,0,248,10.01367300000311,33.27284900001359
ambiguous,h00009-2,h00156-2,1,1,455,82.94133799995507,33.4773929999983
different,h00010-2,h00173-2,1,0,248,7.06152899999779,27.60662399998637
different,h00011-2,h00074-2,1,0,248,10.134071000038603,23.681944000031763
ambiguous,h00011-2,h00190-2,1,1,455,7.836050000037176,33.46825699998135
different,h00012-2,h00207-2,1,0,248,8.294468999906712,25.835855999957857
ambiguous,h00013-0,h00013-1,1,1,453,8.188092999944274,30.642348000014863
different,h00013-2,h00030-2,1,0,248,14.854958999990231,35.60307700001886
ambiguous,h00013-2,h00224-2,1,1,455,8.93888699999934,30.048646000068402
different,h00014-2,h00241-2,1,0,248,19.006719000003613,27.15187599994806
ambiguous,h00016-0,h00016-1,1,1,453,7.603601000027993,31.77305500003058
different,h00016-2,h00025-2,1,0,248,6.999642000096173,27.85706999998183
ambiguous,h00017-1,h00017-2,1,1,453,9.87779000001865,30.818610999972407
ambiguous,h00017-2,h00042-2,1,1,453,8.159223000006932,27.797974999998587
ambiguous,h00018-2,h00045-2,1,1,453,8.383309999999256,34.66254399995705
different,h00018-2,h00059-2,1,0,248,7.3303130000113015,29.036302000008618
ambiguous,h00019-2,h00076-2,1,1,453,9.198280999953568,33.29668000003494
different,h00020-2,h00093-2,1,0,248,11.95669599997018,27.05738499992094
ambiguous,h00021-2,h00110-2,1,1,455,9.162694999986343,34.72268100006204
different,h00022-2,h00127-2,1,0,248,8.953745999974672,29.590319000021736
different,h00023-2,h00060-2,1,0,248,7.321048999983759,23.553569000000607
ambiguous,h00023-2,h00144-2,1,1,455,7.673339999996642,27.990896000005705
different,h00024-2,h00161-2,1,0,248,11.785762000044997,26.612520000071527
ambiguous,h00025-2,h00178-2,1,1,455,10.401709000007031,29.25439799992091
ambiguous,h00026-1,h00026-2,1,1,453,8.759155000007013,33.10358500004895
different,h00026-2,h00195-2,1,0,248,7.986405999986346,25.6931540000096
ambiguous,h00027-2,h00212-2,1,1,455,9.818196000082935,30.230733999928816
ambiguous,h00028-2,h00075-2,1,1,453,9.251887999994324,37.78396999996403
different,h00028-2,h00229-2,1,0,248,8.025808999946094,34.55515699999978
ambiguous,h00029-2,h00246-2,1,1,455,8.168278999960421,32.98264800002926
ambiguous,h00030-2,h00031-2,1,1,453,8.03684200002408,30.397576000041227
ambiguous,h00032-1,h00032-2,1,1,453,9.196343999974488,29.284945999961565
different,h00032-2,h00047-2,1,0,248,12.669919000018126,36.96786299997257
ambiguous,h00033-1,h00033-2,1,1,453,10.693019999962416,35.863097999936144
ambiguous,h00033-2,h00064-2,1,1,453,12.960183000018333,32.03593299997465
different,h00034-2,h00081-2,1,0,248,7.491501999993488,26.11648000004152
different,h00035-2,h00046-2,1,0,248,6.977544000051239,27.867203000027985
ambiguous,h00035-2,h00098-2,1,1,455,12.283412999977372,27.754250000043612
ambiguous,h00036-0,h00036-1,1,1,453,7.926864999944883,83.93032200001471
different,h00036-2,h00115-2,1,0,248,7.508506000021953,31.019128000025376
ambiguous,h00037-2,h00132-2,1,1,455,8.240430000000742,33.05206499999258
different,h00038-2,h00149-2,1,0,248,9.737473999962276,29.161539999904562
ambiguous,h00039-2,h00166-2,1,1,455,8.642577999921741,35.97619000004215
ambiguous,h00040-2,h00061-2,1,1,453,10.173973000064507,32.6200559999279
different,h00040-2,h00183-2,1,0,248,7.6406980000456315,24.08120300003702
ambiguous,h00041-0,h00041-1,1,1,453,7.660226999973929,35.775579999949514
ambiguous,h00041-2,h00200-2,1,1,455,8.663328000011461,31.915183999899455
ambiguous,h00042-0,h00042-1,1,1,453,8.394227999929171,29.283321999969303
different,h00042-2,h00217-2,1,0,248,9.364481000034175,33.24087199996484
ambiguous,h00043-2,h00234-2,1,1,455,9.895461999917643,32.33057700003883
ambiguous,h00045-1,h00045-2,1,1,453,8.436967000079676,33.97221099999115
different,h00045-2,h00076-2,1,0,248,7.18707299995458,26.627770000004602
ambiguous,h00047-2,h00052-2,1,1,453,8.316391999983352,31.075482999995074
different,h00048-2,h00069-2,1,0,248,7.896303999928023,26.87315100001797
ambiguous,h00049-0,h00049-1,1,1,453,8.13121900000624,28.89728599996033
ambiguous,h00049-2,h00086-2,1,1,455,8.450865999975576,32.13272400000733
different,h00050-2,h00103-2,1,0,248,10.290814999962095,29.69209499997305
ambiguous,h00051-2,h00120-2,1,1,455,11.277599999971244,37.699026999916896
different,h00052-2,h00137-2,1,0,248,13.363383999944745,26.967951999949946
ambiguous,h00053-2,h00154-2,1,1,455,8.22728699995423,31.3031379999984
ambiguous,h00054-1,h00054-2,1,1,453,8.828506999975616,34.11940900002719
different,h00054-2,h00171-2,1,0,248,8.599381999943034,25.27838600008181
ambiguous,h00055-2,h00188-2,1,1,455,8.19203200001084,30.155261999993854
ambiguous,h00056-0,h00056-1,1,1,453,8.57861999998022,31.28123500005131
different,h00056-2,h00205-2,1,0,248,7.449740999959431,28.244330000006812
different,h00057-2,h00062-2,1,0,248,7.436593999955221,25.86894899991421
ambiguous,h00057-2,h00222-2,1,1,455,10.02548700000716,32.18164400004753
different,h00058-2,h00239-2,1,0,248,12.434139999982108,26.777909999964322
ambiguous,h00061-1,h00061-2,1,1,453,8.962085999996816,39.45880700007365
ambiguous,h00062-1,h00062-2,1,1,453,8.967910000023949,29.63675900002727
ambiguous,h00062-2,h00077-2,1,1,455,8.461091999947712,34.74725799992484
ambiguous,h00063-1,h00063-2,1,1,453,13.158075999967878,27.644747000067582
ambiguous,h00063-2,h00074-2,1,1,453,10.764797999968323,38.271718999908444
different,h00064-2,h00091-2,1,0,248,9.366179000039665,25.343430000020817
ambiguous,h00065-2,h00108-2,1,1,455,7.8258140000571075,33.710010000049806
different,h00066-2,h00125-2,1,0,248,7.403505000070254,25.94006399999671
ambiguous,h00067-2,h00142-2,1,1,455,10.339889999954721,76.50406699997347
ambiguous,h00068-0,h00068-1,1,1,453,8.379457000046386,30.573245000027782
different,h00068-2,h00159-2,1,0,248,7.467161000022315,24.441144999968856
ambiguous,h00069-2,h00176-2,1,1,455,7.239284999968731,30.92947400000412
ambiguous,h00070-0,h00070-1,1,1,453,10.896430999991935,32.15435000004163
different,h00070-2,h00193-2,1,0,248,11.073658000100295,32.166831000040474
ambiguous,h00071-2,h00210-2,1,1,455,12.356206000049497,34.22809900007451
different,h00072-2,h00227-2,1,0,248,8.016379000082452,25.764825000010205
ambiguous,h00073-1,h00073-2,1,1,453,8.4300199999916,31.142415000090296
ambiguous,h00073-2,h00244-2,1,1,455,10.212579000040023,28.664843000001383
ambiguous,h00075-1,h00075-2,1,1,453,8.241784999995616,31.779498000105377
ambiguous,h00077-0,h00077-1,1,1,455,8.247888999903807,32.08061700001963
different,h00078-2,h00079-2,1,0,248,7.571678999966025,27.71517799999401
ambiguous,h00079-2,h00096-2,1,1,457,7.728114999963509,30.043631000012283
ambiguous,h00080-0,h00080-1,1,1,457,10.035031000029448,33.0866409999544
different,h00080-2,h00113-2,1,0,248,8.241463999979715,29.209883000021364
ambiguous,h00081-2,h00130-2,1,1,457,8.576727999979994,41.368143999989115
different,h00082-2,h00147-2,1,0,248,10.720116000015878,28.3540070000754
ambiguous,h00083-2,h00164-2,1,1,457,8.87846900002387,40.39157099998647
different,h00084-2,h00181-2,1,0,248,7.963069999959771,24.138751000009506
ambiguous,h00085-0,h00085-1,1,1,457,9.258794999936981,39.497723999943446
ambiguous,h00085-2,h00198-2,1,1,457,9.463981999942916,31.500365000056263
ambiguous,h00086-1,h00086-2,1,1,457,8.411423000097784,30.76611199992385
different,h00086-2,h00215-2,1,0,248,8.27916900004766,24.503266000010626
ambiguous,h00087-1,h00087-2,1,1,457,9.896272999981193,32.28658099999393
ambiguous,h00091-0,h00091-1,1,1,457,8.714518000033422,28.271969000002173
ambiguous,h00094-0,h00094-1,1,1,457,10.00699300004726,31.529815999988386
ambiguous,h00097-0,h00097-1,1,1,457,7.752304000064214,27.42776800005231
ambiguous,h00098-0,h00098-1,1,1,457,7.671151999943504,30.8518339999182
ambiguous,h00105-1,h00105-2,1,1,457,12.39508300000125,30.54399400002694
ambiguous,h00106-1,h00106-2,1,1,457,9.062893999953303,34.87488099995062
ambiguous,h00108-1,h00108-2,1,1,457,16.80689700003768,33.22011000000202
ambiguous,h00110-1,h00110-2,1,1,457,10.092826000004607,29.906318000030296
ambiguous,h00114-0,h00114-1,1,1,457,9.113813999988452,31.85179300010077
ambiguous,h00120-1,h00120-2,1,1,457,8.08400799996889,29.113447999975506
ambiguous,h00121-0,h00121-1,1,1,457,8.54069599995455,35.75307900007374
ambiguous,h00130-0,h00130-1,1,1,457,9.5887259999472,33.943353999916326
ambiguous,h00131-1,h00131-2,1,1,457,9.996276999913789,26.974397999993016
ambiguous,h00133-1,h00133-2,1,1,457,8.046734000004108,81.05654300004517
ambiguous,h00136-0,h00136-1,1,1,457,12.529233000009299,34.36817599992992
ambiguous,h00137-0,h00137-1,1,1,457,8.291794999990998,34.94775700005448
ambiguous,h00138-0,h00138-1,1,1,457,8.07998499999485,34.33343500000774
ambiguous,h00140-0,h00140-1,1,1,457,11.856924999960938,29.709639999964566
ambiguous,h00144-1,h00144-2,1,1,457,9.035558000050514,30.22437799995714
ambiguous,h00145-1,h00145-2,1,1,457,8.925108999960685,33.0530579999504
ambiguous,h00148-0,h00148-1,1,1,457,8.113386999980321,28.403678000017862
ambiguous,h00149-0,h00149-1,1,1,457,11.075790999939272,31.535621999978503
ambiguous,h00152-1,h00152-2,1,1,457,10.586519000071348,29.80600000000777
ambiguous,h00155-0,h00155-1,1,1,457,10.378422000030696,28.280719999997928
ambiguous,h00155-1,h00155-2,1,1,457,8.489883999914127,32.50621899996986
ambiguous,h00158-0,h00158-1,1,1,457,7.812764000050265,28.200509999919632
ambiguous,h00161-1,h00161-2,1,1,457,7.69117599998026,27.821191999919392
ambiguous,h00163-0,h00163-1,1,1,457,8.90839299995605,33.171695999953954
ambiguous,h00164-1,h00164-2,1,1,457,9.195633999979691,31.860175000019808
ambiguous,h00166-1,h00166-2,1,1,457,12.26029400004336,39.51609599994299
ambiguous,h00167-0,h00167-1,1,1,457,9.651988999962668,30.332767999993848
ambiguous,h00168-1,h00168-2,1,1,457,8.791750999989745,29.569834000085393
ambiguous,h00169-0,h00169-1,1,1,457,10.610926000026666,27.274902999920414
ambiguous,h00169-1,h00169-2,1,1,457,8.956911000041146,29.14380300001085
ambiguous,h00172-1,h00172-2,1,1,457,8.155669999950987,32.42392899994684
ambiguous,h00173-0,h00173-1,1,1,457,8.700507000071411,32.408267999926466
ambiguous,h00177-0,h00177-1,1,1,457,8.356879999951161,27.336438999896018
ambiguous,h00181-0,h00181-1,1,1,457,11.020346999998765,31.26865199999429
ambiguous,h00182-1,h00182-2,1,1,457,8.127354000066589,29.983252999954857
ambiguous,h00183-0,h00183-1,1,1,457,10.390079999979207,40.2627720000055
ambiguous,h00185-1,h00185-2,1,1,457,9.066548000078,33.55083300004935
ambiguous,h00189-1,h00189-2,1,1,457,8.941413000002285,40.483312999981536
ambiguous,h00196-1,h00196-2,1,1,457,8.292044999961945,29.687416999991
ambiguous,h00204-1,h00204-2,1,1,457,8.161026000038873,32.936784000071384
ambiguous,h00208-0,h00208-1,1,1,457,10.778115999983129,31.01207899999281
ambiguous,h00209-1,h00209-2,1,1,457,8.396442999924147,31.347577000019555
ambiguous,h00210-1,h00210-2,1,1,457,9.286535000001095,31.552508999993734
ambiguous,h00212-1,h00212-2,1,1,457,8.952958999998373,31.38878400000067
ambiguous,h00216-0,h00216-1,1,1,457,8.499876999962908,29.686350000019956
ambiguous,h00216-1,h00216-2,1,1,457,12.718521000010696,29.211277000058544
ambiguous,h00220-1,h00220-2,1,1,457,7.8095139999732055,30.251020000036988
ambiguous,h00222-1,h00222-2,1,1,457,8.258979000061117,77.53546900005404
ambiguous,h00225-0,h00225-1,1,1,457,10.905409999963922,39.81986400003734
ambiguous,h00226-0,h00226-1,1,1,457,8.933393999996042,32.02325000006567
ambiguous,h00229-0,h00229-1,1,1,457,9.386726000002454,28.651650000028894
ambiguous,h00232-1,h00232-2,1,1,457,8.996718000048531,30.691742000044542
ambiguous,h00235-1,h00235-2,1,1,457,8.070986000006997,32.381122000060714
ambiguous,h00236-0,h00236-1,1,1,457,8.169472999952632,32.994606999977805
ambiguous,h00236-1,h00236-2,1,1,457,9.907751000014287,34.87358500001392
ambiguous,h00242-0,h00242-1,1,1,457,8.10438400003477,27.644732999988264
ambiguous,h00245-1,h00245-2,1,1,457,8.954307000067274,32.11151700008941
ambiguous,h00248-0,h00248-1,1,1,457,9.000032999892937,29.45844600003511
ambiguous,h00249-0,h00249-1,1,1,457,8.399499000006472,39.13055800001075
ambiguous,h00000-0,h00001-0,1,5,480,9.229360999938763,30.493110999941564
ambiguous,h00001-0,h00002-0,1,5,480,15.108408999935818,36.7886430000226
ambiguous,h00002-0,h00003-0,1,5,480,9.341693999999734,31.44129999998313
ambiguous,h00003-0,h00004-0,1,5,480,8.256575000018529,32.158198999923115
ambiguous,h00004-0,h00005-0,1,5,480,9.489187999975002,31.025819999968007
ambiguous,h00005-0,h00006-0,1,5,480,7.941890999973111,28.387331000089944
ambiguous,h00006-0,h00007-0,1,5,480,9.58212000000458,35.208291000003555
ambiguous,h00007-0,h00008-0,1,5,482,8.643883999980062,31.690057999981036
ambiguous,h00008-0,h00009-0,1,5,484,8.559149000006983,28.59836200002519
ambiguous,h00009-0,h00010-0,1,5,484,8.63489000005302,37.91246399998727
