filename,decision,case_id,target_id,record_identity,rationale,source_url
web_connectivity_b64_hdr.json,include,au-feminist,http://www.feminist.org,id:6fe5cd98-b272-49b7-9346-e8edbabf0988,unique Web Connectivity measurement with non-null probe/control fields,https://github.com/ooni/pipeline/blob/master/af/fastpath/fastpath/tests/data/web_connectivity_b64_hdr.json
web_connectivity_no_body.json,include,it-nmrc,http://www.nmrc.org,id:83114b72-a0f2-4298-8c50-f1c793594cca,unique Web Connectivity measurement with non-null control and explicit probe transport,https://github.com/ooni/pipeline/blob/master/af/fastpath/fastpath/tests/data/web_connectivity_no_body.json
web_connectivity_odd_hdr.json,include,cn-efindlove,http://www.efindlove.com,id:00625f0c-fe92-4cb4-812e-7bd743561f0b,unique Web Connectivity measurement with non-null probe/control fields,https://github.com/ooni/pipeline/blob/master/af/fastpath/fastpath/tests/data/web_connectivity_odd_hdr.json
web_connectivity_null.json,include,tm-aspnetcdn,https://ajax.aspnetcdn.com/ajax/4.5.2/1/MicrosoftAjax.js,report:20220524T011649Z_webconnectivity_TM_20661_n1_K12GviVnQLLRnJoU,unique Web Connectivity measurement; null control transport is retained as missing,https://github.com/ooni/pipeline/blob/master/af/fastpath/fastpath/tests/data/web_connectivity_null.json
web_connectivity_ir_fp.json,include,ir-facebook,https://www.facebook.com,report:20220815T190043Z_webconnectivity_IR_197207_n1_cCbffjGasS4tFgb2,unique Web Connectivity measurement with explicit failed probe/control transport,https://github.com/ooni/pipeline/blob/master/af/fastpath/fastpath/tests/data/web_connectivity_ir_fp.json
web_connectivity_null2.json,include,ir-yooz,https://yooz.ir,report:20220815T190259Z_webconnectivity_IR_197207_n1_OXEdxGds3hbBb6Qd,unique Web Connectivity measurement with TLS failure and explicit transport,https://github.com/ooni/pipeline/blob/master/af/fastpath/fastpath/tests/data/web_connectivity_null2.json
web_connectivity_b64_incorrect.json,include,my-religioustolerance,http://www.religioustolerance.org,id:42f29a0c-990c-4e33-9959-545316bb2e38,unique Web Connectivity measurement with complete probe/control HTTP observations,https://github.com/ooni/pipeline/blob/master/af/fastpath/fastpath/tests/data/web_connectivity_b64_incorrect.json
report1.json,include,us-collegehumor,http://www.collegehumor.com,id:f6a2515c-895a-41b8-8138-b050fcb36eaf,canonical compact representation of a unique Web Connectivity measurement,https://github.com/ooni/pipeline/blob/master/af/fastpath/fastpath/tests/data/report1.json
report2.json,include,es-postmaster,http://www.postmaster.co.uk,id:311b653c-3ad2-4ce6-8a1c-fb4fceb46a7b,canonical representation of a unique Web Connectivity measurement,https://github.com/ooni/pipeline/blob/master/af/fastpath/fastpath/tests/data/report2.json
requests_none.json,include,sk-wikispaces,http://www.wikispaces.com,report:20210120T185357Z_webconnectivity_SK_6855_n1_tMTz8mUon0GijTHW,unique Web Connectivity measurement; null request/transport fields test abstention,https://github.com/ooni/pipeline/blob/master/af/fastpath/fastpath/tests/data/requests_none.json
bug_351.json,include,nl-fa-wikipedia,https://fa.wikipedia.org,id:b6b5e56a-3513-4cd1-92a3-516ba7d3eaf6,unique Web Connectivity measurement with successful transport and absent probe HTTP response,https://github.com/ooni/pipeline/blob/master/af/fastpath/fastpath/tests/data/bug_351.json
bug_352.json,include,ir-fa-wikipedia,https://fa.wikipedia.org,id:29b60d42-8549-4bc0-bfe3-c2001e1d3521,second unique measurement of the same normalized target from another vantage,https://github.com/ooni/pipeline/blob/master/af/fastpath/fastpath/tests/data/bug_352.json
report1.json.pretty,exclude,,http://www.collegehumor.com,id:f6a2515c-895a-41b8-8138-b050fcb36eaf,formatting-only duplicate of report1.json,https://github.com/ooni/pipeline/blob/master/af/fastpath/fastpath/tests/data/report1.json.pretty
report1blocked.json,exclude,,http://www.collegehumor.com,id:f6a2515c-895a-41b8-8138-b050fcb36eaf,test derivative of the same measurement; differs only in a volatile cache Age value,https://github.com/ooni/pipeline/blob/master/af/fastpath/fastpath/tests/data/report1blocked.json
report2blocked.json,exclude,,http://www.postmaster.co.uk,id:311b653c-3ad2-4ce6-8a1c-fb4fceb46a7b,duplicate of report2.json with the same measurement identity,https://github.com/ooni/pipeline/blob/master/af/fastpath/fastpath/tests/data/report2blocked.json
test_keys_none.json,exclude,,http://mail.google.com,report:20210121T092829Z_webconnectivity_US_8075_n1_K8Vv8aSpoYfW3wqf,"test_keys is null, so no probe/control observation pair can be extracted",https://github.com/ooni/pipeline/blob/master/af/fastpath/fastpath/tests/data/test_keys_none.json
