case_id,source_file,target_path,probe_endpoint_path,control_endpoint_path,probe_tcp_success_path,control_tcp_success_path,probe_status_path,control_status_path,probe_headers_path,control_headers_path,probe_title_path,control_title_path,notes
au-feminist,web_connectivity_b64_hdr.json,input,"test_keys.tcp_connect[*].{ip,port}",test_keys.control.tcp_connect keys,test_keys.tcp_connect[*].status.success,test_keys.control.tcp_connect[*].status,test_keys.requests[terminal successful request when present].response.code,test_keys.control.http_request.status_code,test_keys.requests[terminal successful request when present].response.headers keys,test_keys.control.http_request.headers keys,absent unless explicitly present in probe response,test_keys.control.http_request.title,Control title and header names are read directly; the probe response has no title field.
it-nmrc,web_connectivity_no_body.json,input,"test_keys.tcp_connect[*].{ip,port}",test_keys.control.tcp_connect keys,test_keys.tcp_connect[*].status.success,test_keys.control.tcp_connect[*].status,test_keys.requests[terminal successful request when present].response.code,test_keys.control.http_request.status_code,test_keys.requests[terminal successful request when present].response.headers keys,test_keys.control.http_request.headers keys,absent unless explicitly present in probe response,test_keys.control.http_request.title,Status -1 and absent probe status are retained as missing by the loader.
cn-efindlove,web_connectivity_odd_hdr.json,input,"test_keys.tcp_connect[*].{ip,port}",test_keys.control.tcp_connect keys,test_keys.tcp_connect[*].status.success,test_keys.control.tcp_connect[*].status,test_keys.requests[terminal successful request when present].response.code,test_keys.control.http_request.status_code,test_keys.requests[terminal successful request when present].response.headers keys,test_keys.control.http_request.headers keys,absent unless explicitly present in probe response,test_keys.control.http_request.title,Control HTTP status -1 and empty headers/title are retained as missing.
tm-aspnetcdn,web_connectivity_null.json,input,"test_keys.tcp_connect[*].{ip,port}",test_keys.control.tcp_connect keys,test_keys.tcp_connect[*].status.success,test_keys.control.tcp_connect[*].status,test_keys.requests[terminal successful request when present].response.code,test_keys.control.http_request.status_code,test_keys.requests[terminal successful request when present].response.headers keys,test_keys.control.http_request.headers keys,absent unless explicitly present in probe response,test_keys.control.http_request.title,The control tcp_connect value is null; no control endpoint or successful connect is inferred.
ir-facebook,web_connectivity_ir_fp.json,input,"test_keys.tcp_connect[*].{ip,port}",test_keys.control.tcp_connect keys,test_keys.tcp_connect[*].status.success,test_keys.control.tcp_connect[*].status,test_keys.requests[terminal successful request when present].response.code,test_keys.control.http_request.status_code,test_keys.requests[terminal successful request when present].response.headers keys,test_keys.control.http_request.headers keys,absent unless explicitly present in probe response,test_keys.control.http_request.title,Explicit probe and control tcp_connect records both name 10.10.34.36:443 and fail. Control DNS addresses and the successful control HTTP response are not converted into a synthetic TCP-success record.
ir-yooz,web_connectivity_null2.json,input,"test_keys.tcp_connect[*].{ip,port}",test_keys.control.tcp_connect keys,test_keys.tcp_connect[*].status.success,test_keys.control.tcp_connect[*].status,test_keys.requests[terminal successful request when present].response.code,test_keys.control.http_request.status_code,test_keys.requests[terminal successful request when present].response.headers keys,test_keys.control.http_request.headers keys,absent unless explicitly present in probe response,test_keys.control.http_request.title,The probe TCP connect succeeds while TLS verification fails; the control TCP connect succeeds and control HTTP status is -1.
my-religioustolerance,web_connectivity_b64_incorrect.json,input,"test_keys.tcp_connect[*].{ip,port}",test_keys.control.tcp_connect keys,test_keys.tcp_connect[*].status.success,test_keys.control.tcp_connect[*].status,test_keys.requests[terminal successful request when present].response.code,test_keys.control.http_request.status_code,test_keys.requests[terminal successful request when present].response.headers keys,test_keys.control.http_request.headers keys,absent unless explicitly present in probe response,test_keys.control.http_request.title,The probe response has no title field; title_match=true is not used to synthesize one.
us-collegehumor,report1.json,input,"test_keys.tcp_connect[*].{ip,port}",test_keys.control.tcp_connect keys,test_keys.tcp_connect[*].status.success,test_keys.control.tcp_connect[*].status,test_keys.requests[terminal successful request when present].response.code,test_keys.control.http_request.status_code,test_keys.requests[terminal successful request when present].response.headers keys,test_keys.control.http_request.headers keys,absent unless explicitly present in probe response,test_keys.control.http_request.title,The probe response has no title field in the retained fixture; title_match=true is not used to synthesize one.
es-postmaster,report2.json,input,"test_keys.tcp_connect[*].{ip,port}",test_keys.control.tcp_connect keys,test_keys.tcp_connect[*].status.success,test_keys.control.tcp_connect[*].status,test_keys.requests[terminal successful request when present].response.code,test_keys.control.http_request.status_code,test_keys.requests[terminal successful request when present].response.headers keys,test_keys.control.http_request.headers keys,absent unless explicitly present in probe response,test_keys.control.http_request.title,The probe response has no title field; title_match=true is not used to synthesize one.
sk-wikispaces,requests_none.json,input,"test_keys.tcp_connect[*].{ip,port}",test_keys.control.tcp_connect keys,test_keys.tcp_connect[*].status.success,test_keys.control.tcp_connect[*].status,test_keys.requests[terminal successful request when present].response.code,test_keys.control.http_request.status_code,test_keys.requests[terminal successful request when present].response.headers keys,test_keys.control.http_request.headers keys,absent unless explicitly present in probe response,test_keys.control.http_request.title,Probe requests and tcp_connect are null; control tcp_connect is empty and status -1 remains missing. No endpoint or success is inferred from DNS.
nl-fa-wikipedia,bug_351.json,input,"test_keys.tcp_connect[*].{ip,port}",test_keys.control.tcp_connect keys,test_keys.tcp_connect[*].status.success,test_keys.control.tcp_connect[*].status,test_keys.requests[terminal successful request when present].response.code,test_keys.control.http_request.status_code,test_keys.requests[terminal successful request when present].response.headers keys,test_keys.control.http_request.headers keys,absent unless explicitly present in probe response,test_keys.control.http_request.title,"Probe requests is an empty list, so probe HTTP status, headers, and title remain absent although both TCP connects succeed."
ir-fa-wikipedia,bug_352.json,input,"test_keys.tcp_connect[*].{ip,port}",test_keys.control.tcp_connect keys,test_keys.tcp_connect[*].status.success,test_keys.control.tcp_connect[*].status,test_keys.requests[terminal successful request when present].response.code,test_keys.control.http_request.status_code,test_keys.requests[terminal successful request when present].response.headers keys,test_keys.control.http_request.headers keys,absent unless explicitly present in probe response,test_keys.control.http_request.title,The probe endpoint is explicit but its connect fails; the control tcp_connect map is empty. Successful control HTTP evidence is not converted into a control TCP success.
